Ticker,rank,score,name,sector,index,price,ret_1d,ret_1w,ret_1m,ret_3m,ret_6m,rs_1m,rs_3m,rs_6m,rs_3m_chg,pct_from_52w_high,pct_from_52w_low,new_52w_high,pct_vs_20dma,above_20dma,pct_vs_50dma,pct_vs_200dma,dist_to_50dma,pct_vs_9ema,pullback_9ema,avg_dollar_vol_m,above_50dma,above_200dma,vol_ratio_20_60,volume_x,gap_pct,gap_up,rvol
HUBB,1,0.9147173489278753,Hubbell Incorporated,Industrials,SP500,458.8299865722656,0.002929017828792624,0.04629099001089165,-0.020803337787441922,-0.09747467801750032,-0.05609634823683629,1.0,1.0,1.0,0.6101364522417154,-0.1724747225398956,0.14009247410895576,False,0.00985313913811492,True,-0.032865913118371615,-0.05274823795360051,0.033982788492485705,0.015808333956550902,False,251.2734598951941,False,False,0.7054678107167891,0.994697117218158,0.0018798572373135425,False,0.7089032940435616
VTR,2,0.5711013645224171,Ventas,Real Estate,SP500,,,,,,,,,,,,,False,,False,,,,,False,316.5086911119889,False,False,0.38939144363693673,1.7260535379519137,,False,1.483179749895098
MGM,3,0.5653508771929825,MGM Resorts,Consumer Discretionary,SP500,,,,,,,,,,,,,False,,False,,,,,False,100.95474966133273,False,False,0.48024494366982656,1.568469598560401,,False,1.4951440207406197
CL,3,0.5653508771929825,Colgate-Palmolive,Consumer Staples,SP500,,,,,,,,,,,,,False,,False,,,,,False,420.2574015779923,False,False,0.5019659386429735,1.599226905251359,,False,1.5958566791273494
IQV,5,0.5646686159844054,IQVIA,Health Care,SP500,,,,,,,,,,,,,False,,False,,,,,False,367.3624715745264,False,False,0.5103044636229115,1.5990499119572592,,False,0.6310866955463825
WY,6,0.564571150097466,Weyerhaeuser,Real Estate,SP500,,,,,,,,,,,,,False,,False,,,,,False,128.86401453177004,False,False,0.4965235397093207,1.5529651808044662,,False,1.130844933768784
RCL,7,0.5627192982456141,Royal Caribbean Group,Consumer Discretionary,SP500,,,,,,,,,,,,,False,,False,,,,,False,578.6837470792186,False,False,0.533212648098541,1.6601889683869957,,False,4.0524370974450274
APD,8,0.5616471734892787,Air Products,Materials,SP500,,,,,,,,,,,,,False,,False,,,,,False,319.1952526592644,False,False,0.5504782643985617,1.6995683922565847,,False,1.9434191123562536
PGR,9,0.5594054580896687,Progressive Corporation,Financials,SP500,,,,,,,,,,,,,False,,False,,,,,False,546.4976517340835,False,False,0.5103011949548377,1.4200818951641925,,False,1.779103757276526
AEP,10,0.5587231968810916,American Electric Power,Utilities,SP500,,,,,,,,,,,,,False,,False,,,,,False,473.5050604248825,False,False,0.5366320636365304,1.5223784965792204,,False,1.326711159933951
BAX,11,0.5584307992202729,Baxter International,Health Care,SP500,,,,,,,,,,,,,False,,False,,,,,False,165.3451206625841,False,False,0.46741348551782474,1.3736727686190182,,False,1.1084279529798586
HII,12,0.5584307992202728,Huntington Ingalls Industries,Industrials,SP500,,,,,,,,,,,,,False,,False,,,,,False,145.8231743855379,False,False,0.3799067110646884,1.3386498088560075,,False,1.093194406944683
CINF,13,0.5583333333333333,Cincinnati Financial,Financials,SP500,,,,,,,,,,,,,False,,False,,,,,False,114.23140705694082,False,False,0.5546261207546165,1.5880907060240395,,False,0.9761301812383347
TECH,14,0.5582358674463938,Bio-Techne,Health Care,SP500,,,,,,,,,,,,,False,,False,,,,,False,223.98309421056632,False,False,0.04531731455730223,1.319352506339959,,False,1.107956391980164
BMY,15,0.5576510721247564,Bristol Myers Squibb,Health Care,SP500,,,,,,,,,,,,,False,,False,,,,,False,684.3523543238738,False,False,0.5322067756552752,1.4682314119858189,,False,1.2618882025419662
HON,16,0.5568713450292399,Honeywell Technologies,Industrials,SP500,,,,,,,,,,,,,False,,False,,,,,False,719.8459650763687,False,False,0.5330776981419861,1.4586279007084908,,False,1.4660256040741957
L,17,0.5555068226120857,Loews Corporation,Financials,SP500,,,,,,,,,,,,,False,,False,,,,,False,88.97059114722428,False,False,0.5960895380787784,1.8674707828726453,,False,2.1967576663234296
PCAR,18,0.5549220272904483,Paccar,Industrials,SP500,,,,,,,,,,,,,False,,False,,,,,False,414.690655471973,False,False,0.5895493359821115,1.7316722937982094,,False,2.2279237388518998
UDR,19,0.5544346978557505,"UDR, Inc.",Real Estate,SP500,,,,,,,,,,,,,False,,False,,,,,False,127.58534447126584,False,False,0.49836893449663217,1.323371192544475,,False,1.1634584628339362
SO,20,0.5534600389863548,Southern Company,Utilities,SP500,,,,,,,,,,,,,False,,False,,,,,False,511.2322145920111,False,False,0.531869814646648,1.3729318894747227,,False,0.7785098293585975
VLTO,21,0.5528752436647173,Veralto,Industrials,SP500,,,,,,,,,,,,,False,,False,,,,,False,156.77915030139224,False,False,0.5561296064618051,1.420069155552303,,False,1.102410029881772
HSY,22,0.5523879142300195,Hershey Company (The),Consumer Staples,SP500,,,,,,,,,,,,,False,,False,,,,,False,253.21131546602834,False,False,0.5138127949475758,1.3138301872602842,,False,0.8102005798800697
SNA,23,0.5519980506822612,Snap-on,Industrials,SP500,,,,,,,,,,,,,False,,False,,,,,False,131.82212986070283,False,False,0.5149587606946795,1.3133693426374162,,False,0.78444577381384
TTD,24,0.5509259259259258,Trade Desk (The),Communication Services,SP500,,,,,,,,,,,,,False,,False,,,,,False,378.10528200907413,False,False,0.6155650530147764,1.86528366617146,,False,1.1823848869987927
MAS,25,0.5508284600389863,Masco,Industrials,SP500,,,,,,,,,,,,,False,,False,,,,,False,180.97763595210483,False,False,0.5446010040738266,1.3505773309131495,,False,1.0012567774020389
BLDR,26,0.5507309941520468,Builders FirstSource,Industrials,SP500,,,,,,,,,,,,,False,,False,,,,,False,184.40659688735494,False,False,0.6225687807984926,2.8520845623127347,,False,1.1334114163461615
IFF,27,0.5489766081871345,International Flavors & Fragrances,Materials,SP500,,,,,,,,,,,,,False,,False,,,,,False,134.1028958000806,False,False,0.4417856962607231,1.207556878488253,,False,0.8681379544888651
DXCM,28,0.5480994152046783,Dexcom,Health Care,SP500,,,,,,,,,,,,,False,,False,,,,,False,401.15007158500515,False,False,0.5513138847175933,1.3233882322580819,,False,1.5335750516578293
WDC,29,0.54770955165692,Western Digital,Information Technology,SP500,,,,,,,,,,,,,False,,False,,,,,False,3529.488123444102,False,False,0.456205893134801,1.1946442171075105,,False,1.1421000861929558
O,30,0.5474171539961014,Realty Income,Real Estate,SP500,,,,,,,,,,,,,False,,False,,,,,False,357.24777878749615,False,False,0.6256559793490664,1.7529904919714434,,False,1.259078637040715
CPT,31,0.5458576998050683,Camden Property Trust,Real Estate,SP500,,,,,,,,,,,,,False,,False,,,,,False,106.40599811231652,False,False,0.5568178667731511,1.3081353507011606,,False,0.8824189735627052
PEP,32,0.5451754385964912,PepsiCo,Consumer Staples,SP500,,,,,,,,,,,,,False,,False,,,,,False,1082.1817593374758,False,False,0.6172466811800857,1.5351838685713122,,False,0.9749722064184847
CMI,33,0.5446881091617934,Cummins,Industrials,SP500,,,,,,,,,,,,,False,,False,,,,,False,610.1847551968322,False,False,0.5395782910468749,1.260519965591698,,False,1.047189273838216
NCLH,34,0.5439083820662769,Norwegian Cruise Line Holdings,Consumer Discretionary,SP500,,,,,,,,,,,,,False,,False,,,,,False,261.7577094707002,False,False,0.5519765617938573,1.280167015785886,,False,1.67279014959078
AEE,35,0.5437134502923977,Ameren,Utilities,SP500,,,,,,,,,,,,,False,,False,,,,,False,161.44766317210295,False,False,0.5263790464798768,1.2068175941096737,,False,1.045881553983557
ORLY,35,0.5437134502923977,O'Reilly Automotive,Consumer Discretionary,SP500,,,,,,,,,,,,,False,,False,,,,,False,572.2042931162775,False,False,0.6231857868877805,1.5246688136528814,,False,1.4618828734713942
KO,37,0.5434210526315789,Coca-Cola Company (The),Consumer Staples,SP500,,,,,,,,,,,,,False,,False,,,,,False,1392.1319162662894,False,False,0.5267227962725954,1.2061173137913308,,False,1.077734983905272
BA,38,0.5433235867446393,Boeing,Industrials,SP500,,,,,,,,,,,,,False,,False,,,,,False,1253.406035268978,False,False,0.6357150110422805,1.6557103674211706,,False,1.3379681116971491
APTV,39,0.5430311890838206,Aptiv,Consumer Discretionary,SP500,,,,,,,,,,,,,False,,False,,,,,False,210.50556302479336,False,False,0.5700165383892216,1.3054112683043122,,False,0.9440518706008807
MKC,40,0.5429337231968812,McCormick & Company,Consumer Staples,SP500,,,,,,,,,,,,,False,,False,,,,,False,156.3361166989307,False,False,0.6113652755116085,1.4379147147949842,,False,0.7695873712206398
LHX,41,0.5426413255360624,L3Harris,Industrials,SP500,,,,,,,,,,,,,False,,False,,,,,False,441.639002031879,False,False,0.42266905010289846,1.12740377931688,,False,1.0572840954757663
DUK,42,0.5424463937621832,Duke Energy,Utilities,SP500,,,,,,,,,,,,,False,,False,,,,,False,508.7283866444646,False,False,0.4794207053987409,1.1427518104693561,,False,0.6727991417669692
FRT,43,0.5421539961013645,Federal Realty Investment Trust,Real Estate,SP500,,,,,,,,,,,,,False,,False,,,,,False,98.418587120243,False,False,0.6085370781884277,1.3965319433099699,,False,1.307385251436414
HD,44,0.5418615984405458,Home Depot (The),Consumer Discretionary,SP500,,,,,,,,,,,,,False,,False,,,,,False,1293.2499462667035,False,False,0.6006287131072549,1.353956038332616,,False,1.3813424833254322
PNW,45,0.5416666666666667,Pinnacle West Capital,Utilities,SP500,,,,,,,,,,,,,False,,False,,,,,False,111.97704114029554,False,False,0.5214633522963479,1.1739764158516635,,False,0.77384277409028
DTE,46,0.541569200779727,DTE Energy,Utilities,SP500,,,,,,,,,,,,,False,,False,,,,,False,192.10484987096982,False,False,0.6524934529751812,1.7551266383190753,,False,1.9125201841135941
TXN,46,0.541569200779727,Texas Instruments,Information Technology,SP500,,,,,,,,,,,,,False,,False,,,,,False,1861.31715263566,False,False,0.5817931303019827,1.3140143831229123,,False,1.131359926718209
GRMN,48,0.541374269005848,Garmin,Consumer Discretionary,SP500,,,,,,,,,,,,,False,,False,,,,,False,268.7675256238665,False,False,0.564484946345328,1.2612366904699717,,False,1.2277846876002827
STE,49,0.5408869395711501,Steris,Health Care,SP500,,,,,,,,,,,,,False,,False,,,,,False,158.52962277548653,False,False,0.5751904918989784,1.2898045906355884,,False,0.8863059105317974
LIN,50,0.5396198830409357,Linde plc,Materials,SP500,,,,,,,,,,,,,False,,False,,,,,False,1005.2775967317542,False,False,0.5222812184894605,1.1517544122957863,,False,0.9165663228801284
ARES,51,0.5391325536062378,Ares Management,Financials,SP500,,,,,,,,,,,,,False,,False,,,,,False,290.36335786807,False,False,0.6168160376317019,1.383952690296931,,False,1.0483121660041894
GEHC,52,0.5389376218323587,GE HealthCare,Health Care,SP500,,,,,,,,,,,,,False,,False,,,,,False,283.8739167265989,False,False,0.41984078894598437,1.0763364152558113,,False,0.9185418859167619
VRSN,53,0.5385477582846004,Verisign,Information Technology,SP500,,,,,,,,,,,,,False,,False,,,,,False,224.8873037676753,False,False,0.5710097072011959,1.2338362116923638,,False,0.9959784216747304
LMT,54,0.5383528265107211,Lockheed Martin,Industrials,SP500,,,,,,,,,,,,,False,,False,,,,,False,646.3336274147501,False,False,0.5827778972762867,1.280688846264488,,False,1.2233061022532248
MA,55,0.5380604288499025,Mastercard,Financials,SP500,,,,,,,,,,,,,False,,False,,,,,False,1618.098220437186,False,False,0.522372640312147,1.1332028869844757,,False,1.3259647837098685
NWS,56,0.537962962962963,News Corp (Class B),Communication Services,SP500,,,,,,,,,,,,,False,,False,,,,,False,38.95063302356953,False,False,0.6544176742641226,1.6008778740206988,,False,0.8633675032203315
CCI,57,0.5378654970760234,Crown Castle,Real Estate,SP500,,,,,,,,,,,,,False,,False,,,,,False,266.57556446665546,False,False,0.5596191517063329,1.1922253261462192,,False,0.8479653503430425
CTAS,58,0.5377680311890839,Cintas,Industrials,SP500,,,,,,,,,,,,,False,,False,,,,,False,435.45582856464,False,False,0.4062286688032134,1.0661563450766536,,False,1.0348392755274018
CARR,59,0.5376705653021442,Carrier Global,Industrials,SP500,,,,,,,,,,,,,False,,False,,,,,False,408.91137660527136,False,False,0.6452928961377427,1.513034303625103,,False,1.2314616786698005
NOC,60,0.5375730994152047,Northrop Grumman,Industrials,SP500,,,,,,,,,,,,,False,,False,,,,,False,437.24168878273474,False,False,0.5740954844211836,1.215892613075744,,False,1.2334612063648698
AIG,61,0.5373781676413255,American International Group,Financials,SP500,,,,,,,,,,,,,False,,False,,,,,False,277.3926350721865,False,False,0.6097884446163464,1.322438453551596,,False,1.2441007651287324
JPM,62,0.5369883040935672,JPMorgan Chase,Financials,SP500,,,,,,,,,,,,,False,,False,,,,,False,2506.1798564014666,False,False,0.6335097719187538,1.414998242155161,,False,1.603730123973695
ECHO,63,0.5366959064327486,EchoStar,Communication Services,SP500,,,,,,,,,,,,,False,,False,,,,,False,364.3823345853533,False,False,0.4689870622355856,1.0699171587122203,,False,0.5147344930048591
INVH,64,0.5362085769980507,Invitation Homes,Real Estate,SP500,,,,,,,,,,,,,False,,False,,,,,False,126.49513070771744,False,False,0.6559428386427599,1.5407401475077496,,False,1.305198714633966
RTX,65,0.535916179337232,RTX Corporation,Industrials,SP500,,,,,,,,,,,,,False,,False,,,,,False,957.582618677692,False,False,0.47609424284989693,1.0664456438060006,,False,1.0244518300349161
WELL,66,0.5353313840155945,Welltower,Real Estate,SP500,,,,,,,,,,,,,False,,False,,,,,False,686.1535497601568,False,False,0.576948848837797,1.2052747001099513,,False,0.7162796466719847
IR,67,0.5348440545808968,Ingersoll Rand,Industrials,SP500,,,,,,,,,,,,,False,,False,,,,,False,333.03132820730406,False,False,0.6252496880662617,1.3432220648782411,,False,1.0814128810128938
MRSH,68,0.5348440545808967,Marsh McLennan,Financials,SP500,,,,,,,,,,,,,False,,False,,,,,False,452.51182673330504,False,False,0.6656448420385914,1.5771706130842749,,False,1.3203427339692064
FOX,69,0.5347465886939571,Fox Corporation (Class B),Communication Services,SP500,,,,,,,,,,,,,False,,False,,,,,False,66.87459871146532,False,False,0.6687616516170781,1.6108367164727138,,False,0.7194510897679504
MRNA,70,0.5345516569200779,Moderna,Health Care,SP500,,,,,,,,,,,,,False,,False,,,,,False,2539.9634972368126,False,False,0.2542098980418781,1.011635668583803,,False,1.3147848464269185
ALL,71,0.5344541910331384,Allstate,Financials,SP500,,,,,,,,,,,,,False,,False,,,,,False,434.0351065860359,False,False,0.6716635161980794,1.6238996588867203,,False,3.1106309200318623
LOW,72,0.5343567251461988,Lowe's,Consumer Discretionary,SP500,,,,,,,,,,,,,False,,False,,,,,False,649.1316584030151,False,False,0.5681582017506719,1.1605864836743434,,False,1.0769919000072492
LUV,73,0.5342592592592592,Southwest Airlines,Industrials,SP500,,,,,,,,,,,,,False,,False,,,,,False,228.434476294825,False,False,0.6756788984310871,1.6366518942557844,,False,1.4587432770986166
NVR,73,0.5342592592592592,"NVR, Inc.",Consumer Discretionary,SP500,,,,,,,,,,,,,False,,False,,,,,False,232.4780866230867,False,False,0.6584418732444127,1.5048982981162635,,False,1.2173901188788308
NWSA,75,0.5334795321637427,News Corp (Class A),Communication Services,SP500,,,,,,,,,,,,,False,,False,,,,,False,113.20600153965074,False,False,0.6566363552134294,1.4739748576786653,,False,1.1002492475032384
NI,76,0.5333820662768032,NiSource,Utilities,SP500,,,,,,,,,,,,,False,,False,,,,,False,236.1412211299974,False,False,0.585927338750705,1.1947984213772713,,False,1.2052662495535464
KIM,77,0.5333820662768031,Kimco Realty,Real Estate,SP500,,,,,,,,,,,,,False,,False,,,,,False,117.13094490456484,False,False,0.5806749983153825,1.1817578453934117,,False,0.8396510604951076
CCL,78,0.5328947368421053,Carnival Corporation,Consumer Discretionary,SP500,,,,,,,,,,,,,False,,False,,,,,False,482.12024218476745,False,False,0.6325784889364682,1.3424101702588958,,False,2.153701685194948
MDLZ,78,0.5328947368421053,Mondelez International,Consumer Staples,SP500,,,,,,,,,,,,,False,,False,,,,,False,520.842612063949,False,False,0.5813354133661913,1.177661145538162,,False,0.9909187478492275
WRB,80,0.5326023391812865,W. R. Berkley Corporation,Financials,SP500,,,,,,,,,,,,,False,,False,,,,,False,178.26266359730934,False,False,0.6987530052589503,2.975363669920894,,False,1.788339236358614
HAS,81,0.5322124756335282,Hasbro,Consumer Discretionary,SP500,,,,,,,,,,,,,False,,False,,,,,False,169.95434568831774,False,False,0.5450471765000524,1.1007666368461189,,False,1.4065840708719246
BNY,82,0.5320175438596492,BNY Mellon,Financials,SP500,,,,,,,,,,,,,False,,False,,,,,False,521.9751804961847,False,False,0.6854923090879539,1.6340394302086245,,False,1.8617146080364797
AVGO,83,0.53182261208577,Broadcom,Information Technology,SP500,,,,,,,,,,,,,False,,False,,,,,False,8444.215273142601,False,False,0.6091031603907221,1.2295462219377888,,False,0.9065313942867097
CMS,84,0.5310428849902534,CMS Energy,Utilities,SP500,,,,,,,,,,,,,False,,False,,,,,False,246.45823875628102,False,False,0.5209163001249674,1.0424241025287768,,False,1.274623568930847
ZBRA,85,0.5308479532163742,Zebra Technologies,Information Technology,SP500,,,,,,,,,,,,,False,,False,,,,,False,235.86618265742086,False,False,0.3897590183729411,0.9802199197640229,,False,0.7770735215319101
AIZ,86,0.5302631578947369,Assurant,Financials,SP500,,,,,,,,,,,,,False,,False,,,,,False,100.92900546165,False,False,0.6663603199731202,1.4443052231969173,,False,1.9601822259601906
ABT,87,0.5301656920077973,Abbott Laboratories,Health Care,SP500,,,,,,,,,,,,,False,,False,,,,,False,1025.2303636922875,False,False,0.5645443143198525,1.1109202010274957,,False,0.8464418378598608
DOC,88,0.5300682261208577,Healthpeak Properties,Real Estate,SP500,,,,,,,,,,,,,False,,False,,,,,False,111.56261389717568,False,False,0.6280807420357184,1.291767434763176,,False,1.1588349731434322
DHR,89,0.5295808966861599,Danaher Corporation,Health Care,SP500,,,,,,,,,,,,,False,,False,,,,,False,976.3256581724518,False,False,0.595269907874802,1.1638583155759321,,False,0.9569422710530707
TROW,90,0.5295808966861598,T. Rowe Price,Financials,SP500,,,,,,,,,,,,,False,,False,,,,,False,185.75339861546732,False,False,0.5589219257566208,1.0912278321867426,,False,0.9470468636409308
PPG,90,0.5295808966861598,PPG Industries,Materials,SP500,,,,,,,,,,,,,False,,False,,,,,False,186.07825769494505,False,False,0.6215928119817613,1.2475427132789776,,False,1.0431640589589717
CHD,90,0.5295808966861598,Church & Dwight,Consumer Staples,SP500,,,,,,,,,,,,,False,,False,,,,,False,181.54871173410223,False,False,0.5046350432654709,1.008183135757073,,False,0.87703554949082
SOLV,93,0.5293859649122807,Solventum,Health Care,SP500,,,,,,,,,,,,,False,,False,,,,,False,95.02881224544291,False,False,0.5297341258791558,1.0381285521251025,,False,0.5971616000821608
SHW,94,0.5288011695906433,Sherwin-Williams,Materials,SP500,,,,,,,,,,,,,False,,False,,,,,False,614.8604492229229,False,False,0.5172213630140776,1.010858821897339,,False,0.9047821952017712
LNT,94,0.5288011695906433,Alliant Energy,Utilities,SP500,,,,,,,,,,,,,False,,False,,,,,False,167.46828378238288,False,False,0.5742674996704574,1.1156472034711307,,False,0.9238970284055248
MRK,96,0.5287037037037037,Merck & Co.,Health Care,SP500,,,,,,,,,,,,,False,,False,,,,,False,1416.879571395703,False,False,0.6524936725594441,1.3472059756844417,,False,1.1040363753788935
TRGP,96,0.5287037037037037,Targa Resources,Energy,SP500,,,,,,,,,,,,,False,,False,,,,,False,343.507377423158,False,False,0.6534836789399566,1.3538888440924992,,False,0.9349903846312296
REG,98,0.5285087719298246,Regency Centers,Real Estate,SP500,,,,,,,,,,,,,False,,False,,,,,False,101.71642743215756,False,False,0.6202652309354885,1.2233425904323303,,False,1.1048531381153828
CRL,99,0.528411306042885,Charles River Laboratories,Health Care,SP500,,,,,,,,,,,,,False,,False,,,,,False,244.02900856743636,False,False,0.6032938925279556,1.1644738779235289,,False,1.2072599097823007
AMAT,100,0.5282163742690058,Applied Materials,Information Technology,SP500,,,,,,,,,,,,,False,,False,,,,,False,3636.489035982093,False,False,0.5975525353054325,1.1539328842316505,,False,0.7905308758913838
DHI,100,0.5282163742690058,D. R. Horton,Consumer Discretionary,SP500,,,,,,,,,,,,,False,,False,,,,,False,356.78444299870705,False,False,0.6945445625141123,1.5629944233105781,,False,0.9137238794350627
SWK,102,0.5281189083820662,Stanley Black & Decker,Industrials,SP500,,,,,,,,,,,,,False,,False,,,,,False,174.01293970215465,False,False,0.5693028011233064,1.0917943065016973,,False,0.8091705499418193
LII,103,0.5280214424951267,Lennox International,Industrials,SP500,,,,,,,,,,,,,False,,False,,,,,False,230.06956789750078,False,False,0.43461027243318257,0.935976618816019,,False,0.8063428432272446
WAB,103,0.5280214424951267,Wabtec,Industrials,SP500,,,,,,,,,,,,,False,,False,,,,,False,271.64409322995556,False,False,0.5483640615016934,1.0502299296903825,,False,1.1470804757616753
PAYX,105,0.5278265107212475,Paychex,Industrials,SP500,,,,,,,,,,,,,False,,False,,,,,False,333.58644466493564,False,False,0.6894403505668871,1.5116766292772386,,False,1.4260484992619553
J,106,0.5277290448343079,Jacobs Solutions,Industrials,SP500,,,,,,,,,,,,,False,,False,,,,,False,121.08508465859549,False,False,0.5769862532851007,1.1156049777302182,,False,0.8127397986221515
HCA,106,0.5277290448343079,HCA Healthcare,Health Care,SP500,,,,,,,,,,,,,False,,False,,,,,False,624.1302099596296,False,False,0.675068791235937,1.417418389460086,,False,0.9610410043990624
FOXA,108,0.5275341130604289,Fox Corporation (Class A),Communication Services,SP500,,,,,,,,,,,,,False,,False,,,,,False,318.958715794645,False,False,0.6486467196066116,1.316562351800675,,False,0.991519535671362
AMT,109,0.5274366471734893,American Tower,Real Estate,SP500,,,,,,,,,,,,,False,,False,,,,,False,440.07422314026496,False,False,0.6301185167077162,1.2485440889603892,,False,1.5085953049809782
BIIB,110,0.5273391812865497,Biogen,Health Care,SP500,,,,,,,,,,,,,False,,False,,,,,False,208.055316559087,False,False,0.6255369182717859,1.226151826381125,,False,1.0884752981928183
MPWR,111,0.5268518518518519,Monolithic Power Systems,Information Technology,SP500,,,,,,,,,,,,,False,,False,,,,,False,997.5600150853994,False,False,0.6736329390953497,1.4063531148497797,,False,1.8918546245057228
EXPD,112,0.5266569200779727,Expeditors International,Industrials,SP500,,,,,,,,,,,,,False,,False,,,,,False,195.02915536825998,False,False,0.6466593555351052,1.3033952330981908,,False,1.17884133775679
MDT,113,0.5261695906432748,Medtronic,Health Care,SP500,,,,,,,,,,,,,False,,False,,,,,False,699.5573464515842,False,False,0.6889200512559345,1.462000100583717,,False,1.8077380785582309
JBL,113,0.5261695906432748,Jabil,Information Technology,SP500,,,,,,,,,,,,,False,,False,,,,,False,333.5091896380366,False,False,0.7089886022008146,1.6032091134407653,,False,1.2435661328897731
PNR,115,0.5259746588693958,Pentair,Industrials,SP500,,,,,,,,,,,,,False,,False,,,,,False,231.32258027397467,False,False,0.34944565606825995,0.8357321520884333,,False,0.7900894702491026
MCHP,116,0.525682261208577,Microchip Technology,Information Technology,SP500,,,,,,,,,,,,,False,,False,,,,,False,742.5935379483437,False,False,0.5448673943658063,1.0147129892310114,,False,0.7676990949797222
SPG,117,0.5254873294346979,Simon Property Group,Real Estate,SP500,,,,,,,,,,,,,False,,False,,,,,False,289.12416926310016,False,False,0.6186846510386365,1.1761400474037296,,False,0.8124083236146346
CSCO,117,0.5254873294346979,Cisco,Information Technology,SP500,,,,,,,,,,,,,False,,False,,,,,False,2196.547623932959,False,False,0.6480349452442231,1.293005003985822,,False,1.6723466845666521
TDG,119,0.525,TransDigm Group,Industrials,SP500,,,,,,,,,,,,,False,,False,,,,,False,486.4176797325913,False,False,0.6820139198926456,1.4078296792653544,,False,1.343156084487582
INSM,120,0.5248050682261209,Insmed,Health Care,NDX,,,,,,,,,,,,,False,,False,,,,,False,292.2514054451923,False,False,0.45002936119502285,0.8677673255244311,,False,0.9730725121179968
ABNB,121,0.5246101364522417,Airbnb,Consumer Discretionary,SP500,,,,,,,,,,,,,False,,False,,,,,False,793.0556293370149,False,False,0.5625155172987698,1.0370660996427676,,False,1.0696340710224137
ETR,122,0.5245126705653022,Entergy,Utilities,SP500,,,,,,,,,,,,,False,,False,,,,,False,279.5619764143341,False,False,0.6633789326917724,1.3164678983408367,,False,1.067710586747429
AXP,122,0.5245126705653022,American Express,Financials,SP500,,,,,,,,,,,,,False,,False,,,,,False,916.8582285676916,False,False,0.7142281716844552,1.6097090817755646,,False,1.8596941493826205
MAA,122,0.5245126705653022,Mid-America Apartment Communities,Real Estate,SP500,,,,,,,,,,,,,False,,False,,,,,False,133.774337017542,False,False,0.6791031023437032,1.3798963470675383,,False,1.118116729913037
TDY,125,0.5244152046783626,Teledyne Technologies,Information Technology,SP500,,,,,,,,,,,,,False,,False,,,,,False,212.5934266677545,False,False,0.519119815440898,0.9579160451158956,,False,1.062816710857709
V,125,0.5244152046783626,Visa Inc.,Financials,SP500,,,,,,,,,,,,,False,,False,,,,,False,2489.499213858593,False,False,0.6818527900986354,1.389095464537152,,False,1.2807812533331229
ROP,127,0.524317738791423,Roper Technologies,Information Technology,SP500,,,,,,,,,,,,,False,,False,,,,,False,313.8445374275675,False,False,0.7216852403030201,1.6848413608312371,,False,1.4090683042330465
ON,128,0.5242202729044835,ON Semiconductor,Information Technology,SP500,,,,,,,,,,,,,False,,False,,,,,False,759.1178824790954,False,False,0.7190238295152822,1.6402527681304564,,False,1.2039057999623932
CAT,129,0.5241228070175438,Caterpillar Inc.,Industrials,SP500,,,,,,,,,,,,,False,,False,,,,,False,2294.374514846739,False,False,0.5511957903820738,1.0096509399857887,,False,0.7550376768195446
VICI,130,0.523635477582846,Vici Properties,Real Estate,SP500,,,,,,,,,,,,,False,,False,,,,,False,241.21349130793593,False,False,0.625814385210029,1.1771085636055352,,False,0.8726175502942175
BALL,131,0.5234405458089669,Ball Corporation,Materials,SP500,,,,,,,,,,,,,False,,False,,,,,False,117.43129055828172,False,False,0.6111999746672321,1.131676742797651,,False,0.9340272100556021
GPC,132,0.5234405458089668,Genuine Parts Company,Consumer Discretionary,SP500,,,,,,,,,,,,,False,,False,,,,,False,168.67452184790787,False,False,0.5345916745642854,0.9828313692374306,,False,0.6201905939915366
MO,133,0.5232456140350877,Altria,Consumer Staples,SP500,,,,,,,,,,,,,False,,False,,,,,False,609.9974583581651,False,False,0.5629865670732982,1.020336508235865,,False,0.5909129915849759
MU,134,0.5232456140350876,Micron Technology,Information Technology,SP500,,,,,,,,,,,,,False,,False,,,,,False,31409.1394829621,False,False,0.4567203278847744,0.7889919842175596,,False,0.8371642987059607
KDP,135,0.5228557504873294,Keurig Dr Pepper,Consumer Staples,SP500,,,,,,,,,,,,,False,,False,,,,,False,350.25268089795793,False,False,0.619042813403115,1.1456095436507068,,False,0.8370466738965704
MSFT,135,0.5228557504873294,Microsoft,Information Technology,SP500,,,,,,,,,,,,,False,,False,,,,,False,13522.559411325821,False,False,0.4909187688158607,0.8463373424690488,,False,0.7141972179792616
ACGL,137,0.5227582846003899,Arch Capital Group,Financials,SP500,,,,,,,,,,,,,False,,False,,,,,False,251.94806642026316,False,False,0.7434405258992289,2.042656067327753,,False,2.2187386553329644
MLM,137,0.5227582846003899,Martin Marietta Materials,Materials,SP500,,,,,,,,,,,,,False,,False,,,,,False,347.70411109426067,False,False,0.6635908154229196,1.3009289615642232,,False,1.0875927990687073
TRV,139,0.5225633528265108,Travelers Companies (The),Financials,SP500,,,,,,,,,,,,,False,,False,,,,,False,674.3384836756492,False,False,0.5484110548068624,0.9907707679787894,,False,0.8985729764799866
AZO,140,0.5223684210526316,AutoZone,Consumer Discretionary,SP500,,,,,,,,,,,,,False,,False,,,,,False,717.6540136644013,False,False,0.7445409084106485,1.9061164028342859,,False,3.234398535347231
GOOG,141,0.5220760233918129,Alphabet Inc. (Class C),Communication Services,SP500,,,,,,,,,,,,,False,,False,,,,,False,6317.722886023198,False,False,0.6009159177054288,1.0862071475665638,,False,1.0747598498965354
TPR,142,0.5219785575048733,"Tapestry, Inc.",Consumer Discretionary,SP500,,,,,,,,,,,,,False,,False,,,,,False,413.0660997621964,False,False,0.6639824871666902,1.2953795870570788,,False,1.1376295576590632
IBM,143,0.5219785575048732,IBM,Information Technology,SP500,,,,,,,,,,,,,False,,False,,,,,False,1998.1275144851998,False,False,0.513541281496943,0.8682360850464393,,False,0.5392697141810765
ALGN,144,0.5217836257309941,Align Technology,Health Care,SP500,,,,,,,,,,,,,False,,False,,,,,False,148.2960129430654,False,False,0.6245067270840245,1.1484011659725277,,False,1.0575905099784257
ECL,145,0.5216861598440545,Ecolab,Materials,SP500,,,,,,,,,,,,,False,,False,,,,,False,368.05954492336974,False,False,0.5752542306553701,1.0315880894379887,,False,0.9097097449807949
DOV,145,0.5216861598440545,Dover Corporation,Industrials,SP500,,,,,,,,,,,,,False,,False,,,,,False,241.32377592623965,False,False,0.6474523594007888,1.2183344200687407,,False,0.9183794710109184
GPN,147,0.5212962962962963,Global Payments,Financials,SP500,,,,,,,,,,,,,False,,False,,,,,False,256.4456006588994,False,False,0.5691983018153602,1.0092395333747246,,False,0.8748203088691822
COF,147,0.5212962962962963,Capital One,Financials,SP500,,,,,,,,,,,,,False,,False,,,,,False,777.3541421508478,False,False,0.6342136495760649,1.1752285844371109,,False,0.7940255112582861
AES,149,0.5210038986354776,AES Corporation,Utilities,SP500,,,,,,,,,,,,,False,,False,,,,,False,104.77888955871427,False,False,0.6417920197499174,1.2035941280361009,,False,1.9578503258356106
PHM,150,0.5206140350877193,PulteGroup,Consumer Discretionary,SP500,,,,,,,,,,,,,False,,False,,,,,False,203.19107512857866,False,False,0.6905755053932441,1.3629494518860736,,False,0.9402435668513142
PODD,151,0.5203216374269005,Insulet Corporation,Health Care,SP500,,,,,,,,,,,,,False,,False,,,,,False,253.5083222957066,False,False,0.5325096498078845,0.8949594656941053,,False,0.7276607468910671
SNDK,152,0.520224171539961,Sandisk,Information Technology,SP500,,,,,,,,,,,,,False,,False,,,,,False,20770.94890556566,False,False,0.5167224815025282,0.8074323212394827,,False,0.9066189756295997
TXT,153,0.5201267056530214,Textron,Industrials,SP500,,,,,,,,,,,,,False,,False,,,,,False,147.28547467459853,False,False,0.6348768015272078,1.1640652613164766,,False,1.022738383746674
GD,153,0.5201267056530214,General Dynamics,Industrials,SP500,,,,,,,,,,,,,False,,False,,,,,False,402.6566903585006,False,False,0.6782478745733153,1.305965006912965,,False,1.1870291211503181
RSG,155,0.5197368421052632,Republic Services,Industrials,SP500,,,,,,,,,,,,,False,,False,,,,,False,334.32276459509404,False,False,0.719780511117402,1.4941569101088201,,False,1.2625010165027584
EL,156,0.519736842105263,Estée Lauder Companies (The),Consumer Staples,SP500,,,,,,,,,,,,,False,,False,,,,,False,284.5598551579534,False,False,0.6092232611989485,1.079099705664399,,False,0.9415197415787567
LLY,157,0.5193469785575049,Lilly (Eli),Health Care,SP500,,,,,,,,,,,,,False,,False,,,,,False,3012.5583140699737,False,False,0.5741418176792928,1.0022929653873278,,False,0.952447122093479
KLAC,157,0.5193469785575049,KLA Corporation,Information Technology,SP500,,,,,,,,,,,,,False,,False,,,,,False,2028.6617714290073,False,False,0.5980792736018186,1.0498968260446249,,False,0.8747962534397852
ROK,159,0.5192495126705653,Rockwell Automation,Industrials,SP500,,,,,,,,,,,,,False,,False,,,,,False,346.5119107070612,False,False,0.606039896821748,1.0609500850172744,,False,0.7893022410132832
AMCR,160,0.5184697855750487,Amcor,Materials,SP500,,,,,,,,,,,,,False,,False,,,,,False,165.78845547620813,False,False,0.5887870777263402,1.019481128968573,,False,0.9975310323643968
BRK-B,161,0.5180799220272905,Berkshire Hathaway,Financials,SP500,,,,,,,,,,,,,False,,False,,,,,False,2236.2548196085404,False,False,0.7283439560560584,1.5029034954987743,,False,1.0692156144569542
RMD,162,0.5178849902534113,ResMed|,Health Care,SP500,,,,,,,,,,,,,False,,False,,,,,False,307.75836563583687,False,False,0.6410884103849057,1.1588243614879299,,False,0.6918648842623989
SYF,163,0.5177875243664717,Synchrony Financial,Financials,SP500,,,,,,,,,,,,,False,,False,,,,,False,257.6800582796369,False,False,0.5924602171314779,1.0189909746884016,,False,0.8520981548434036
ALLE,164,0.5173001949317739,Allegion,Industrials,SP500,,,,,,,,,,,,,False,,False,,,,,False,210.41176292475487,False,False,0.6073910731463267,1.040004734152984,,False,0.7583279703577315
HIG,165,0.5171052631578947,Hartford (The),Financials,SP500,,,,,,,,,,,,,False,,False,,,,,False,217.3325450419212,False,False,0.7343100181447673,1.5063777657131387,,False,1.0910726889589326
DAL,166,0.5168128654970761,Delta Air Lines,Industrials,SP500,,,,,,,,,,,,,False,,False,,,,,False,484.2846997364745,False,False,0.7839696574639895,1.9082086896319481,,False,1.475230632875973
APO,167,0.5165204678362574,Apollo Global Management,Financials,SP500,,,,,,,,,,,,,False,,False,,,,,False,432.1494030015751,False,False,0.5911401398432854,1.0041113103020753,,False,0.8866656941593318
EXC,168,0.5165204678362573,Exelon,Utilities,SP500,,,,,,,,,,,,,False,,False,,,,,False,333.9083990638499,False,False,0.5582183080311925,0.8894643792413873,,False,0.6033199934322795
CHRW,169,0.5164230019493178,C.H. Robinson,Industrials,SP500,,,,,,,,,,,,,False,,False,,,,,False,298.22111576762296,False,False,0.5698827863675834,0.9387829625556757,,False,1.4120649206177656
COST,169,0.5164230019493178,Costco,Consumer Staples,SP500,,,,,,,,,,,,,False,,False,,,,,False,1860.0095645363322,False,False,0.6825166009245454,1.2787142422191418,,False,0.9897751534227224
VRTX,171,0.5162280701754386,Vertex Pharmaceuticals,Health Care,SP500,,,,,,,,,,,,,False,,False,,,,,False,600.8447719633142,False,False,0.6153287352662864,1.0563851145037138,,False,1.1697813296458976
VZ,171,0.5162280701754386,Verizon,Communication Services,SP500,,,,,,,,,,,,,False,,False,,,,,False,1045.239323294122,False,False,0.7118618490648674,1.363866028729691,,False,1.4807602759791152
CLX,173,0.5158382066276803,Clorox,Consumer Staples,SP500,,,,,,,,,,,,,False,,False,,,,,False,283.7943264193321,False,False,0.7115209779217888,1.3524709263452503,,False,1.1306563757692918
WEC,174,0.5157407407407407,WEC Energy Group,Utilities,SP500,,,,,,,,,,,,,False,,False,,,,,False,251.41139659545274,False,False,0.6898417844292084,1.2882159009684642,,False,1.1865331537707706
ERIE,175,0.5151559454191034,Erie Indemnity,Financials,SP500,,,,,,,,,,,,,False,,False,,,,,False,72.59845211679887,False,False,0.58025082046617,0.9599411176876096,,False,0.984793632715045
CBOE,176,0.514766081871345,Cboe Global Markets,Financials,SP500,,,,,,,,,,,,,False,,False,,,,,False,298.08382351124044,False,False,0.636948115039753,1.1200348881598794,,False,0.9413684733503564
TPL,177,0.5146686159844055,Texas Pacific Land Corporation,Energy,SP500,,,,,,,,,,,,,False,,False,,,,,False,138.25648258037958,False,False,0.7875979166001311,1.7773153749813688,,False,1.2145364807099477
SJM,178,0.5145711500974659,J.M. Smucker Company (The),Consumer Staples,SP500,,,,,,,,,,,,,False,,False,,,,,False,169.10775002643817,False,False,0.6503841009021247,1.1345975172274194,,False,0.746753069850938
ADP,179,0.5144736842105263,Automatic Data Processing,Industrials,SP500,,,,,,,,,,,,,False,,False,,,,,False,626.5671640708456,False,False,0.6981171379672148,1.2957400052556598,,False,0.8056149689312327
WMT,180,0.5142787524366472,Walmart,Consumer Staples,SP500,,,,,,,,,,,,,False,,False,,,,,False,2661.8482542427532,False,False,0.609019670756279,1.0106835197612598,,False,0.7961447139835609
AMZN,181,0.514083820662768,Amazon,Consumer Discretionary,SP500,,,,,,,,,,,,,False,,False,,,,,False,10308.429569528666,False,False,0.6046999627884004,0.9990432466085116,,False,1.0316254362094213
GILD,181,0.514083820662768,Gilead Sciences,Health Care,SP500,,,,,,,,,,,,,False,,False,,,,,False,868.0541381863652,False,False,0.6966118797456472,1.28904425139044,,False,0.811968135328666
KMB,183,0.5138888888888888,Kimberly-Clark,Consumer Staples,SP500,,,,,,,,,,,,,False,,False,,,,,False,406.7367933604182,False,False,0.635857787838365,1.102347337108283,,False,1.0334691442590496
EG,184,0.5135964912280702,Everest Group,Financials,SP500,,,,,,,,,,,,,False,,False,,,,,False,137.42841430414938,False,False,0.7922423129881778,1.86156177304863,,False,1.1527255227928952
INCY,185,0.5132066276803119,Incyte,Health Care,SP500,,,,,,,,,,,,,False,,False,,,,,False,196.7858252713729,False,False,0.6704462824286834,1.176917833274406,,False,1.0243433271424782
STX,186,0.5131091617933723,Seagate Technology,Information Technology,SP500,,,,,,,,,,,,,False,,False,,,,,False,3883.350354465656,False,False,0.6353915323292929,1.0840263792194196,,False,1.14161998699328
GS,187,0.5130116959064328,Goldman Sachs,Financials,SP500,,,,,,,,,,,,,False,,False,,,,,False,2095.010589560248,False,False,0.7463250851764195,1.443641721944089,,False,1.000170177771832
NKE,188,0.5129142300194932,"Nike, Inc.",Consumer Discretionary,SP500,,,,,,,,,,,,,False,,False,,,,,False,1011.658918040949,False,False,0.7724502123671325,1.5590554522437106,,False,1.2248657609175855
MELI,189,0.5125243664717349,MercadoLibre,Consumer Discretionary,NDX,,,,,,,,,,,,,False,,False,,,,,False,889.5455126955617,False,False,0.8105456539319683,2.046388076170434,,False,1.6858445588012714
GOOGL,190,0.5125243664717348,Alphabet Inc. (Class A),Communication Services,SP500,,,,,,,,,,,,,False,,False,,,,,False,9566.663214683002,False,False,0.62799786616225,1.0503318342603132,,False,1.0735512554322304
MRVL,190,0.5125243664717348,Marvell Technology,Information Technology,SP500,,,,,,,,,,,,,False,,False,,,,,False,5002.135116224732,False,False,0.5760784169599631,0.8843132721696855,,False,0.8488540246412088
STT,192,0.5122319688109161,State Street Corporation,Financials,SP500,,,,,,,,,,,,,False,,False,,,,,False,342.0721239084983,False,False,0.7579377137472025,1.4924485641311944,,False,1.8277051026124984
AWK,193,0.5121345029239766,American Water Works,Utilities,SP500,,,,,,,,,,,,,False,,False,,,,,False,294.3353653564764,False,False,0.6021162651222225,0.9651336841060293,,False,0.962943820832141
C,194,0.5120370370370371,Citigroup,Financials,SP500,,,,,,,,,,,,,False,,False,,,,,False,1391.5906040263897,False,False,0.6891469983442504,1.211993996702474,,False,1.097042237980584
ISRG,195,0.51135477582846,Intuitive Surgical,Health Care,SP500,,,,,,,,,,,,,False,,False,,,,,False,1198.782108059817,False,False,0.5831832262182356,0.8882641237082398,,False,0.5715036020482737
QCOM,196,0.5112573099415204,Qualcomm,Information Technology,SP500,,,,,,,,,,,,,False,,False,,,,,False,2139.706825472867,False,False,0.8002052158315447,1.681067472664684,,False,0.9033037534939501
BDX,196,0.5112573099415204,Becton Dickinson,Health Care,SP500,,,,,,,,,,,,,False,,False,,,,,False,324.44858229718886,False,False,0.7407462909841703,1.3965752086316574,,False,0.7730956134364615
MSI,198,0.5111598440545808,Motorola Solutions,Information Technology,SP500,,,,,,,,,,,,,False,,False,,,,,False,436.9176328752167,False,False,0.6112435052845211,0.9937904172033255,,False,0.8197471692584608
AOS,199,0.5110623781676413,A. O. Smith,Industrials,SP500,,,,,,,,,,,,,False,,False,,,,,False,92.77356126722998,False,False,0.65910487129631,1.1224150128586985,,False,0.9529174375818557
PEG,199,0.5110623781676413,Public Service Enterprise Group,Utilities,SP500,,,,,,,,,,,,,False,,False,,,,,False,218.82763806058924,False,False,0.7162443501874137,1.3067923118087972,,False,0.7966491747927328
ROL,201,0.5104775828460039,"Rollins, Inc.",Industrials,SP500,,,,,,,,,,,,,False,,False,,,,,False,213.44423698672858,False,False,0.7553050673355778,1.4172234408196809,,False,1.1142682638366679
D,202,0.5102826510721248,Dominion Energy,Utilities,SP500,,,,,,,,,,,,,False,,False,,,,,False,269.57921494300996,False,False,0.7547285125511315,1.411997495470128,,False,2.0349279600254864
COHR,203,0.5100877192982456,Coherent Corp.,Information Technology,SP500,,,,,,,,,,,,,False,,False,,,,,False,1950.3850888004224,False,False,0.695689546899913,1.2088549626611214,,False,1.156103206587198
TMO,204,0.5096003898635477,Thermo Fisher Scientific,Health Care,SP500,,,,,,,,,,,,,False,,False,,,,,False,1251.604777554259,False,False,0.7880605192893708,1.5284995797481395,,False,1.009481052294094
CB,205,0.5091130604288499,Chubb Limited,Financials,SP500,,,,,,,,,,,,,False,,False,,,,,False,621.5419748790507,False,False,0.6528986261595235,1.0829980900994973,,False,0.7915250486024299
LRCX,205,0.5091130604288499,Lam Research,Information Technology,SP500,,,,,,,,,,,,,False,,False,,,,,False,2940.0571682191185,False,False,0.7018096548920653,1.2217409193455642,,False,0.957570119733434
LEN,207,0.5088206627680312,Lennar,Consumer Discretionary,SP500,,,,,,,,,,,,,False,,False,,,,,False,252.15533812400662,False,False,0.8368637847777032,2.443265229586654,,False,2.134866230962747
PLD,208,0.5087231968810916,Prologis,Real Estate,SP500,,,,,,,,,,,,,False,,False,,,,,False,594.8777116429543,False,False,0.6095735421738497,0.9273026386985145,,False,0.6319720106982684
MS,209,0.5085282651072125,Morgan Stanley,Financials,SP500,,,,,,,,,,,,,False,,False,,,,,False,1087.6384734876672,False,False,0.6989667877354974,1.2073813727102343,,False,1.532539550780866
MSCI,210,0.5081384015594542,MSCI,Financials,SP500,,,,,,,,,,,,,False,,False,,,,,False,368.6671795269402,False,False,0.635786107446404,1.02981363413453,,False,1.1582771138823325
SBAC,211,0.507943469785575,SBA Communications,Real Estate,SP500,,,,,,,,,,,,,False,,False,,,,,False,175.0580584926683,False,False,0.6666685581108046,1.1084316199549544,,False,0.7306207377027086
ATO,212,0.5078460038986354,Atmos Energy,Utilities,SP500,,,,,,,,,,,,,False,,False,,,,,False,172.43007955113626,False,False,0.7358288670260301,1.3186674229727562,,False,0.9518413737163737
AVY,213,0.5076510721247564,Avery Dennison,Materials,SP500,,,,,,,,,,,,,False,,False,,,,,False,167.29379215869514,False,False,0.7142734883182009,1.2475471708194579,,False,0.7802655277105954
CVNA,214,0.5075536062378168,Carvana,Consumer Discretionary,SP500,,,,,,,,,,,,,False,,False,,,,,False,605.6854805508361,False,False,0.6126095415784089,0.9267602377618354,,False,0.6763204068267028
PDD,214,0.5075536062378168,PDD Holdings,Consumer Discretionary,NDX,,,,,,,,,,,,,False,,False,,,,,False,565.729257144819,False,False,0.6364445736234106,1.0288749585949524,,False,1.0593206695276207
AFL,216,0.5067738791423002,Aflac,Financials,SP500,,,,,,,,,,,,,False,,False,,,,,False,260.6543622881987,False,False,0.7583324420093889,1.3666565988248547,,False,0.9226391997535084
CPAY,217,0.5066764132553606,Corpay,Financials,SP500,,,,,,,,,,,,,False,,False,,,,,False,195.43944227581414,False,False,0.6282471843972802,0.9898907753264176,,False,1.1300802166050392
FE,218,0.506578947368421,FirstEnergy,Utilities,SP500,,,,,,,,,,,,,False,,False,,,,,False,204.88532057491224,False,False,0.6066626720516877,0.8303738780127378,,False,0.665457615095806
XYL,219,0.5063840155945419,Xylem Inc.,Industrials,SP500,,,,,,,,,,,,,False,,False,,,,,False,246.42963083060127,False,False,0.7224509155166431,1.2610865408751424,,False,0.8024117132378948
ES,220,0.5060916179337231,Eversource Energy,Utilities,SP500,,,,,,,,,,,,,False,,False,,,,,False,154.57905424141398,False,False,0.7865522998352432,1.415885602038537,,False,0.9832917737589837
NDSN,221,0.5055068226120858,Nordson Corporation,Industrials,SP500,,,,,,,,,,,,,False,,False,,,,,False,119.09079681521047,False,False,0.6662047556441504,1.0736149174023664,,False,0.6662007437283975
VMC,222,0.505214424951267,Vulcan Materials Company,Materials,SP500,,,,,,,,,,,,,False,,False,,,,,False,272.6779940425639,False,False,0.7378783309479141,1.29606319762445,,False,1.2176510407852428
NEM,223,0.5050194931773879,Newmont,Materials,SP500,,,,,,,,,,,,,False,,False,,,,,False,904.8363417787825,False,False,0.686188493783192,1.1212450742487758,,False,0.6813260829280943
EQT,224,0.5048245614035087,EQT Corporation,Energy,SP500,,,,,,,,,,,,,False,,False,,,,,False,367.6645930201005,False,False,0.8328669273914312,1.5941006452673196,,False,1.5831909003783218
CMG,225,0.5046296296296297,Chipotle Mexican Grill,Consumer Discretionary,SP500,,,,,,,,,,,,,False,,False,,,,,False,567.744214725907,False,False,0.6139086947480143,0.848939193678686,,False,0.7300828151077469
JNJ,225,0.5046296296296297,Johnson & Johnson,Health Care,SP500,,,,,,,,,,,,,False,,False,,,,,False,1864.571405247404,False,False,0.6679157377357196,1.0732967615599767,,False,0.7984149690584371
BKNG,227,0.5044346978557505,Booking Holdings,Consumer Discretionary,SP500,,,,,,,,,,,,,False,,False,,,,,False,1209.0613865018884,False,False,0.8388252023820354,1.6305706745084594,,False,2.250084933117538
CSGP,227,0.5044346978557505,CoStar Group,Real Estate,SP500,,,,,,,,,,,,,False,,False,,,,,False,223.33519384606808,False,False,0.6678748254183878,1.0677022467551278,,False,0.7204923359000767
LYV,227,0.5044346978557505,Live Nation Entertainment,Communication Services,SP500,,,,,,,,,,,,,False,,False,,,,,False,346.6568286587151,False,False,0.7066628959800821,1.1651413329568363,,False,0.916850735882859
MCD,230,0.5041423001949318,McDonald's,Consumer Discretionary,SP500,,,,,,,,,,,,,False,,False,,,,,False,1223.980755749792,False,False,0.7895256199332622,1.4122382701969896,,False,1.06908294829237
ARE,230,0.5041423001949318,Alexandria Real Estate Equities,Real Estate,SP500,,,,,,,,,,,,,False,,False,,,,,False,98.94460273152566,False,False,0.7668357057850235,1.3429841748002973,,False,0.7619606612545572
ESS,232,0.5037524366471735,Essex Property Trust,Real Estate,SP500,,,,,,,,,,,,,False,,False,,,,,False,135.37359604759993,False,False,0.7305035714573833,1.2429268586652336,,False,1.1677022545027078
MPC,232,0.5037524366471735,Marathon Petroleum,Energy,SP500,,,,,,,,,,,,,False,,False,,,,,False,921.4940669692681,False,False,0.862229572714466,1.8725851644120315,,False,1.8244417553685819
TT,234,0.5033625730994152,Trane Technologies,Industrials,SP500,,,,,,,,,,,,,False,,False,,,,,False,512.8442986711152,False,False,0.6787654645802224,1.0753115145724692,,False,0.944451113432317
OMC,235,0.5032651072124756,Omnicom Group,Communication Services,SP500,,,,,,,,,,,,,False,,False,,,,,False,242.63112175884638,False,False,0.8582880859456418,1.8132252682116867,,False,0.8726167051330042
IDXX,236,0.503167641325536,Idexx Laboratories,Health Care,SP500,,,,,,,,,,,,,False,,False,,,,,False,317.1623365332156,False,False,0.6625233659694341,1.029986945800629,,False,0.8306541300171874
EXR,237,0.502972709551657,Extra Space Storage,Real Estate,SP500,,,,,,,,,,,,,False,,False,,,,,False,175.27531599946315,False,False,0.812893594331787,1.455795429678028,,False,1.721838245899275
TMUS,238,0.5028752436647173,T-Mobile US,Communication Services,SP500,,,,,,,,,,,,,False,,False,,,,,False,834.3032954140488,False,False,0.8458374160968085,1.6434334186523585,,False,1.4422581857623042
DGX,239,0.5026803118908382,Quest Diagnostics,Health Care,SP500,,,,,,,,,,,,,False,,False,,,,,False,236.51142770279864,False,False,0.8115470219343848,1.4297378064593473,,False,2.7063132162685655
APP,240,0.5023879142300195,AppLovin,Communication Services,SP500,,,,,,,,,,,,,False,,False,,,,,False,2130.5349538115834,False,False,0.6357462472515906,0.9549858184542546,,False,0.5537642097760103
DVA,241,0.5020955165692008,DaVita,Health Care,SP500,,,,,,,,,,,,,False,,False,,,,,False,163.23887631362606,False,False,0.7513694268393982,1.2688692859335395,,False,0.641417250321111
Q,242,0.501803118908382,Qnity Electronics,Information Technology,SP500,,,,,,,,,,,,,False,,False,,,,,False,234.15321406665726,False,False,0.6945508613211041,1.1081937804457416,,False,1.0790255046718447
UNP,242,0.501803118908382,Union Pacific Corporation,Industrials,SP500,,,,,,,,,,,,,False,,False,,,,,False,817.2191252204117,False,False,0.7888858463793652,1.3592835448429734,,False,1.3137297294180896
BRO,244,0.5017056530214425,Brown & Brown,Financials,SP500,,,,,,,,,,,,,False,,False,,,,,False,161.2342265167392,False,False,0.7875870744670473,1.3445568810748523,,False,1.609376000636946
HUM,245,0.5015107212475634,Humana,Health Care,SP500,,,,,,,,,,,,,False,,False,,,,,False,463.1555332513303,False,False,0.6337046046595246,0.8943180863501461,,False,0.7086032068466008
EME,246,0.5014132553606238,Emcor,Industrials,SP500,,,,,,,,,,,,,False,,False,,,,,False,322.3735230127451,False,False,0.7023993183067165,1.12880358196091,,False,0.8253429585571758
AMD,247,0.5013157894736842,Advanced Micro Devices,Information Technology,SP500,,,,,,,,,,,,,False,,False,,,,,False,12088.455742053908,False,False,0.757326934418674,1.2823216008218685,,False,1.1635694958253955
PLTR,248,0.501120857699805,Palantir Technologies,Information Technology,SP500,,,,,,,,,,,,,False,,False,,,,,False,5827.517059475474,False,False,0.624140361445645,0.7057019255093401,,False,0.5970122851008637
CME,249,0.5010233918128655,CME Group,Financials,SP500,,,,,,,,,,,,,False,,False,,,,,False,557.3050913533114,False,False,0.6404005977444116,0.9463306630324468,,False,0.852816129822436
GEN,250,0.500925925925926,Gen Digital,Information Technology,SP500,,,,,,,,,,,,,False,,False,,,,,False,157.08286642942622,False,False,0.8679547622805994,1.7541152640854871,,False,2.3325701573350885
PG,251,0.5008284600389864,Procter & Gamble,Consumer Staples,SP500,,,,,,,,,,,,,False,,False,,,,,False,1259.5156135498669,False,False,0.6339429233133405,0.8869766401724377,,False,0.6509231491006563
EFX,251,0.5008284600389864,Equifax,Industrials,SP500,,,,,,,,,,,,,False,,False,,,,,False,259.81606718796706,False,False,0.7170387368128394,1.1564041488066978,,False,1.0029497662757212
BR,253,0.5002436647173489,Broadridge Financial Solutions,Industrials,SP500,,,,,,,,,,,,,False,,False,,,,,False,195.98262528200735,False,False,0.7278710051444585,1.176191753687765,,False,0.6580673057367621
FDX,254,0.5000487329434697,FedEx,Industrials,SP500,,,,,,,,,,,,,False,,False,,,,,False,484.2488973994664,False,False,0.7537502600685929,1.2386380833142012,,False,0.9191312070187737
BF-B,255,0.4999512670565302,Brown–Forman,Consumer Staples,SP500,,,,,,,,,,,,,False,,False,,,,,False,64.84104342202167,False,False,0.8362682305412048,1.4627244959983066,,False,0.8692033144579895
WM,256,0.49965886939571147,Waste Management,Industrials,SP500,,,,,,,,,,,,,False,,False,,,,,False,460.6953468801693,False,False,0.7121213317111623,1.1307468980494622,,False,0.8856894250443123
ITW,257,0.49956140350877193,Illinois Tool Works,Industrials,SP500,,,,,,,,,,,,,False,,False,,,,,False,356.43882670151066,False,False,0.6962392619660387,1.0842947937443268,,False,0.7202400389337185
WTW,258,0.49946393762183233,Willis Towers Watson,Financials,SP500,,,,,,,,,,,,,False,,False,,,,,False,174.37118010976363,False,False,0.8149148464890544,1.3818491926872856,,False,1.0788907700608383
FLEX,259,0.4992690058479532,Flex Ltd.,Information Technology,SP500,,,,,,,,,,,,,False,,False,,,,,False,447.3404789781375,False,False,0.7087646586265269,1.1091475849541133,,False,0.7087577912806169
ALNY,259,0.4992690058479532,Alnylam Pharmaceuticals,Health Care,NDX,,,,,,,,,,,,,False,,False,,,,,False,447.6086953230878,False,False,0.6324732386034352,0.7418068260070271,,False,0.5972335649362739
PM,261,0.49917153996101365,Philip Morris International,Consumer Staples,SP500,,,,,,,,,,,,,False,,False,,,,,False,892.1339207235219,False,False,0.7105953826242706,1.113874332878771,,False,1.4967196207895315
BXP,262,0.49907407407407406,"BXP, Inc.",Real Estate,SP500,,,,,,,,,,,,,False,,False,,,,,False,95.12173019238686,False,False,0.8549608383371764,1.5365999280052731,,False,1.143416388552144
UBER,263,0.4987816764132554,Uber,Industrials,SP500,,,,,,,,,,,,,False,,False,,,,,False,1375.4977712538894,False,False,0.690577048541504,1.066664346590872,,False,1.3788140600445198
TFC,264,0.49868421052631573,Truist Financial,Financials,SP500,,,,,,,,,,,,,False,,False,,,,,False,362.8373826862958,False,False,0.8734063968842882,1.6438851219867237,,False,1.4266562468162998
VLO,265,0.4985867446393762,Valero Energy,Energy,SP500,,,,,,,,,,,,,False,,False,,,,,False,1006.0778405528789,False,False,0.887823212052404,1.8230137474522317,,False,2.551442245700286
CNC,266,0.49848927875243665,Centene Corporation,Health Care,SP500,,,,,,,,,,,,,False,,False,,,,,False,305.34532838147226,False,False,0.8360940559882348,1.414779234763878,,False,1.3100985114710764
SMCI,266,0.49848927875243665,Supermicro,Information Technology,SP500,,,,,,,,,,,,,False,,False,,,,,False,1652.6719857507355,False,False,0.6518362602837241,0.9236511712029186,,False,0.6315737542482375
GDDY,268,0.49819688109161797,GoDaddy,Information Technology,SP500,,,,,,,,,,,,,False,,False,,,,,False,193.16974127080488,False,False,0.8564512882717454,1.5233290813438665,,False,1.9320544245308462
SW,269,0.4981968810916179,Smurfit Westrock,Materials,SP500,,,,,,,,,,,,,False,,False,,,,,False,220.59128991893067,False,False,0.7108286190806311,1.103040864460475,,False,0.7127486945398657
LDOS,270,0.4979044834307992,Leidos,Industrials,SP500,,,,,,,,,,,,,False,,False,,,,,False,181.68573802342317,False,False,0.7284860921295133,1.1559431580295108,,False,0.7583273775021525
NXPI,271,0.49780701754385964,NXP Semiconductors,Information Technology,SP500,,,,,,,,,,,,,False,,False,,,,,False,909.9767893290929,False,False,0.7301759741459481,1.1562444646376526,,False,0.9327595903818623
TAP,271,0.49780701754385964,Molson Coors Beverage Company,Consumer Staples,SP500,,,,,,,,,,,,,False,,False,,,,,False,153.6559461304801,False,False,0.9101153925451905,3.3368967405969987,,False,0.9247454614437105
PWR,273,0.49722222222222223,Quanta Services,Industrials,SP500,,,,,,,,,,,,,False,,False,,,,,False,678.4678145000847,False,False,0.6401649248345163,0.8140257560911287,,False,0.7035359166479571
DASH,273,0.49722222222222223,DoorDash,Consumer Discretionary,SP500,,,,,,,,,,,,,False,,False,,,,,False,826.6819830160024,False,False,0.731204310575235,1.1558794823572776,,False,1.3033255495007223
TSCO,275,0.49702729044834304,Tractor Supply,Consumer Discretionary,SP500,,,,,,,,,,,,,False,,False,,,,,False,347.12545998841887,False,False,0.6801396461748849,1.008377557834535,,False,1.1648456288661417
IP,276,0.4969298245614035,International Paper,Materials,SP500,,,,,,,,,,,,,False,,False,,,,,False,190.57714378084455,False,False,0.8090118020857999,1.3215456840656787,,False,1.0625560146656579
IVZ,276,0.4969298245614035,Invesco,Financials,SP500,,,,,,,,,,,,,False,,False,,,,,False,136.37313939709955,False,False,0.7210153434458567,1.1237914889167946,,False,1.0780886304322284
AMP,278,0.49673489278752436,Ameriprise Financial,Financials,SP500,,,,,,,,,,,,,False,,False,,,,,False,277.1747487537618,False,False,0.8800518852427883,1.6262805820782722,,False,2.042588579795022
WSM,279,0.49653996101364517,"Williams-Sonoma, Inc.",Consumer Discretionary,SP500,,,,,,,,,,,,,False,,False,,,,,False,249.03515500559905,False,False,0.8269436169058441,1.3557576304366006,,False,1.009228387933154
KHC,280,0.49615009746588695,Kraft Heinz,Consumer Staples,SP500,,,,,,,,,,,,,False,,False,,,,,False,453.8166957327084,False,False,0.6582239406404897,0.9008201858853616,,False,0.8025524081059234
OTIS,281,0.49605263157894736,Otis Worldwide,Industrials,SP500,,,,,,,,,,,,,False,,False,,,,,False,284.9784841673092,False,False,0.9085772177507442,1.7616187191466492,,False,1.078576859192451
MOS,282,0.49595516569200776,Mosaic Company (The),Materials,SP500,,,,,,,,,,,,,False,,False,,,,,False,187.90958113420447,False,False,0.7131782101045105,1.0881117856072091,,False,0.7653652894243833
OKE,283,0.495662768031189,Oneok,Energy,SP500,,,,,,,,,,,,,False,,False,,,,,False,346.2958055970328,False,False,0.8273915536677209,1.3463088709237971,,False,0.8901359351394581
DVN,284,0.4955653021442495,Devon Energy,Energy,SP500,,,,,,,,,,,,,False,,False,,,,,False,519.6632098126937,False,False,0.882449604669464,1.5951452929410057,,False,0.8244673451653394
HST,285,0.4953703703703704,Host Hotels & Resorts,Real Estate,SP500,,,,,,,,,,,,,False,,False,,,,,False,212.33780552451074,False,False,0.7533381061066902,1.1664149642308084,,False,0.9860044476805736
ZTS,286,0.49537037037037035,Zoetis,Health Care,SP500,,,,,,,,,,,,,False,,False,,,,,False,433.815115216734,False,False,0.66364783643733,0.9167147383007995,,False,0.664238277925173
AAPL,287,0.4950779727095517,Apple Inc.,Information Technology,SP500,,,,,,,,,,,,,False,,False,,,,,False,15478.344044413601,False,False,0.6767928894239312,0.9768488907229644,,False,0.8433600620257221
NSC,288,0.49488304093567254,Norfolk Southern,Industrials,SP500,,,,,,,,,,,,,False,,False,,,,,False,412.44462689084423,False,False,0.6826851679984336,0.99627712684228,,False,0.769357539062372
NEE,288,0.49488304093567254,NextEra Energy,Utilities,SP500,,,,,,,,,,,,,False,,False,,,,,False,907.7488395526652,False,False,0.7207396461853093,1.100352901324143,,False,0.8604687331143782
XEL,290,0.4944931773879142,Xcel Energy,Utilities,SP500,,,,,,,,,,,,,False,,False,,,,,False,402.96083357481666,False,False,0.7648444909881017,1.1911320882699492,,False,0.9351363968073411
CVS,291,0.49429824561403507,CVS Health,Health Care,SP500,,,,,,,,,,,,,False,,False,,,,,False,749.8800975656159,False,False,0.863285383621598,1.4477378771245348,,False,1.1389335309219024
ABBV,292,0.49381091617933726,AbbVie,Health Care,SP500,,,,,,,,,,,,,False,,False,,,,,False,1257.6703476632254,False,False,0.6592985919376808,0.8601496954792602,,False,0.5617143937246007
INTC,293,0.49371345029239766,Intel,Information Technology,SP500,,,,,,,,,,,,,False,,False,,,,,False,10759.193745153387,False,False,0.8403163741130062,1.3535435051092723,,False,0.9807763100330629
UHS,294,0.49361598440545806,Universal Health Services,Health Care,SP500,,,,,,,,,,,,,False,,False,,,,,False,139.80413953194133,False,False,0.8172483812491719,1.3018808122871377,,False,0.9504287773240452
RDDT,295,0.49312865497076025,Reddit,Communication Services,SP500,,,,,,,,,,,,,False,,False,,,,,False,1030.7446162757094,False,False,0.6981296150220226,1.0124250397186205,,False,0.6640292366468326
STZ,296,0.4928362573099415,Constellation Brands,Consumer Staples,SP500,,,,,,,,,,,,,False,,False,,,,,False,263.73269077562605,False,False,0.8618852470560797,1.4038921108559952,,False,0.9165933337174971
MAR,297,0.49225146198830405,Marriott International,Consumer Discretionary,SP500,,,,,,,,,,,,,False,,False,,,,,False,571.4569853998923,False,False,0.7648329173095127,1.1574498778730322,,False,1.088946340200785
NRG,298,0.4921539961013645,NRG Energy,Utilities,SP500,,,,,,,,,,,,,False,,False,,,,,False,345.5860784214253,False,False,0.7134379838226601,1.0439578735624073,,False,0.8473338845224017
NDAQ,299,0.4915692007797271,"Nasdaq, Inc.",Financials,SP500,,,,,,,,,,,,,False,,False,,,,,False,308.1391201168605,False,False,0.8046251092515846,1.2267749592259527,,False,1.1754472792812924
ROST,300,0.4914717348927875,Ross Stores,Consumer Discretionary,SP500,,,,,,,,,,,,,False,,False,,,,,False,565.4980926311882,False,False,0.7229188624450504,1.0667448009724907,,False,0.8685139413370537
USB,301,0.4913742690058479,U.S. Bancorp,Financials,SP500,,,,,,,,,,,,,False,,False,,,,,False,468.9688446021956,False,False,0.906472416791794,1.5279074574508011,,False,1.2506087347997832
TJX,302,0.49108187134502923,TJX Companies,Consumer Discretionary,SP500,,,,,,,,,,,,,False,,False,,,,,False,1007.9290994882233,False,False,0.9518419109297407,1.7426678981390396,,False,1.4179314381119679
GE,302,0.49108187134502923,GE Aerospace,Industrials,SP500,,,,,,,,,,,,,False,,False,,,,,False,1379.2608895778735,False,False,0.8624257661724312,1.37602393073151,,False,0.8449010590164314
DECK,304,0.49069200779727096,Deckers Brands,Consumer Discretionary,SP500,,,,,,,,,,,,,False,,False,,,,,False,251.1095626849116,False,False,0.9059085225779047,1.506211822420825,,False,1.2644876146457718
ODFL,305,0.4903021442495127,Old Dominion,Industrials,SP500,,,,,,,,,,,,,False,,False,,,,,False,348.4828908762406,False,False,0.8535456563094254,1.3414966912332824,,False,1.0395522605198992
GIS,305,0.4903021442495127,General Mills,Consumer Staples,SP500,,,,,,,,,,,,,False,,False,,,,,False,338.6812647879853,False,False,0.7335790469395007,1.0748598058444463,,False,1.143143146258443
EVRG,307,0.4902046783625731,Evergy,Utilities,SP500,,,,,,,,,,,,,False,,False,,,,,False,167.64475583061687,False,False,0.7620312137906372,1.1308048358188527,,False,0.884836331679682
PSX,307,0.4902046783625731,Phillips 66,Energy,SP500,,,,,,,,,,,,,False,,False,,,,,False,673.559196550486,False,False,0.9452324777703194,1.6525153551504115,,False,1.4374122120206603
CIEN,309,0.4899122807017544,Ciena,Information Technology,SP500,,,,,,,,,,,,,False,,False,,,,,False,886.4347129722752,False,False,0.9090949438686751,1.5046506464316278,,False,1.0207052611247864
CVX,310,0.4898148148148148,Chevron Corporation,Energy,SP500,,,,,,,,,,,,,False,,False,,,,,False,1722.2113491444802,False,False,0.9891948867948535,1.868220551234843,,False,1.0875536529659098
HSIC,311,0.48942495126705654,Henry Schein,Health Care,SP500,,,,,,,,,,,,,False,,False,,,,,False,105.01043637267132,False,False,0.8233472177212231,1.2461031075524331,,False,0.8876270897532738
TRMB,312,0.4892300194931774,Trimble Inc.,Information Technology,SP500,,,,,,,,,,,,,False,,False,,,,,False,181.41647045464808,False,False,0.6904045914160709,0.9194081757346144,,False,0.6463324462115625
FANG,312,0.4892300194931774,Diamondback Energy,Energy,SP500,,,,,,,,,,,,,False,,False,,,,,False,468.4373262266198,False,False,0.996890085662365,2.957766016177482,,False,1.2463931405057795
ADI,314,0.48864522417153994,Analog Devices,Information Technology,SP500,,,,,,,,,,,,,False,,False,,,,,False,1396.7195850916025,False,False,0.7556299219752387,1.1021650242761813,,False,0.7888439368271957
SBUX,315,0.4884502923976608,Starbucks,Consumer Discretionary,SP500,,,,,,,,,,,,,False,,False,,,,,False,713.596972936311,False,False,0.8403183997125491,1.2856551509746732,,False,1.1991011194786139
CCEP,316,0.48825536062378166,Coca-Cola Europacific Partners,Consumer Staples,NDX,,,,,,,,,,,,,False,,False,,,,,False,196.48029777786877,False,False,0.9127685807739303,1.4886198968836575,,False,1.0438102036641261
AXON,317,0.48806042884990253,Axon Enterprise,Industrials,SP500,,,,,,,,,,,,,False,,False,,,,,False,494.4195700303681,False,False,0.8905165839627358,1.4092713155619072,,False,0.7320754102630893
PPL,317,0.48806042884990253,PPL Corporation,Utilities,SP500,,,,,,,,,,,,,False,,False,,,,,False,262.1405448837202,False,False,0.6816202044970174,0.7479290183145708,,False,0.7124634361205324
CRH,319,0.48767056530214425,CRH plc,Materials,SP500,,,,,,,,,,,,,False,,False,,,,,False,426.4005935995608,False,False,0.7807071866502773,1.1303421406316565,,False,0.983776597895804
UNH,320,0.4873781676413255,UnitedHealth Group,Health Care,SP500,,,,,,,,,,,,,False,,False,,,,,False,2027.531073974983,False,False,0.7707203301423945,1.1137875664746761,,False,0.8926107688143796
CNP,321,0.4871832358674464,CenterPoint Energy,Utilities,SP500,,,,,,,,,,,,,False,,False,,,,,False,255.61424641319584,False,False,0.7777810894209207,1.1213989302053844,,False,1.0645668516970204
HLT,322,0.48718323586744633,Hilton Worldwide,Consumer Discretionary,SP500,,,,,,,,,,,,,False,,False,,,,,False,621.8700318902464,False,False,0.7530600161392058,1.0679716043630352,,False,0.8736900597781907
ASML,323,0.48708576998050684,ASML Holding,Information Technology,NDX,,,,,,,,,,,,,False,,False,,,,,False,2619.335914604343,False,False,0.7268452648065882,1.0174266765314763,,False,0.7687450453696727
GL,324,0.48689083820662765,Globe Life,Financials,SP500,,,,,,,,,,,,,False,,False,,,,,False,97.2015491060218,False,False,0.6867546598536952,0.7684389327046568,,False,0.7171592472936276
NTAP,324,0.48689083820662765,NetApp,Information Technology,SP500,,,,,,,,,,,,,False,,False,,,,,False,459.496260071517,False,False,0.7312358474653676,1.0304391596467888,,False,0.9190159495015882
LITE,326,0.486598440545809,Lumentum,Information Technology,SP500,,,,,,,,,,,,,False,,False,,,,,False,4030.971207096022,False,False,0.8404501462860476,1.2528289526754766,,False,0.9135090048179776
MCK,327,0.4865984405458089,McKesson Corporation,Health Care,SP500,,,,,,,,,,,,,False,,False,,,,,False,857.9822917013363,False,False,0.8352734343304613,1.2141089358956176,,False,0.8702648829622497
URI,328,0.48630604288499024,United Rentals,Industrials,SP500,,,,,,,,,,,,,False,,False,,,,,False,500.2461279192243,False,False,0.7483833858394656,1.0549454764907396,,False,0.9328322184676919
BX,329,0.48591617933723197,Blackstone Inc.,Financials,SP500,,,,,,,,,,,,,False,,False,,,,,False,564.3432451080789,False,False,0.6984967322884926,0.8881846704137906,,False,0.7135101584040809
EBAY,330,0.48581871345029237,eBay Inc.,Consumer Discretionary,SP500,,,,,,,,,,,,,False,,False,,,,,False,519.5675456920391,False,False,1.0071208755797247,1.7274526906939132,,False,0.938608668988142
UPS,331,0.48552631578947364,United Parcel Service,Industrials,SP500,,,,,,,,,,,,,False,,False,,,,,False,516.8972193878174,False,False,0.8528983789920006,1.2659161803280934,,False,0.8296090012297253
FERG,332,0.48533138401559456,Ferguson Enterprises,Industrials,SP500,,,,,,,,,,,,,False,,False,,,,,False,627.5931630908265,False,False,0.6902416009716588,0.6103250393233199,,False,0.4536387278391435
PNC,333,0.48513645224171537,PNC Financial Services,Financials,SP500,,,,,,,,,,,,,False,,False,,,,,False,403.614193259788,False,False,0.9156689735419952,1.414332992274741,,False,1.5297928261277682
EXPE,334,0.4850389863547758,Expedia Group,Consumer Discretionary,SP500,,,,,,,,,,,,,False,,False,,,,,False,496.3803833526611,False,False,1.0072756797488662,1.684387552436033,,False,3.689749344050469
RL,334,0.4850389863547758,Ralph Lauren Corporation,Consumer Discretionary,SP500,,,,,,,,,,,,,False,,False,,,,,False,229.85365668397242,False,False,0.8018808936055062,1.1352147523226386,,False,1.1014093881400682
VMRK,336,0.48484405458089663,Vivmark Residential,Real Estate,SP500,,,,,,,,,,,,,False,,False,,,,,False,330.9653947035965,False,False,0.9825513014299073,1.5438996728675023,,False,1.301178205009113
EOG,337,0.48455165692007796,EOG Resources,Energy,SP500,,,,,,,,,,,,,False,,False,,,,,False,444.83666470343144,False,False,0.9149337409978818,1.4031586637260847,,False,1.0739377672993289
ARM,338,0.48445419103313836,Arm Holdings,Information Technology,NDX,,,,,,,,,,,,,False,,False,,,,,False,1332.4739056908122,False,False,0.9167261083858808,1.4118572573153803,,False,1.447140426244471
GEV,339,0.4842592592592592,GE Vernova,Industrials,SP500,,,,,,,,,,,,,False,,False,,,,,False,2384.8397893655583,False,False,0.8636553342561116,1.2832990404835365,,False,0.8670754614745512
KR,340,0.4841617933723197,Kroger,Consumer Staples,SP500,,,,,,,,,,,,,False,,False,,,,,False,389.38288696580224,False,False,0.8533970350452711,1.2426706560523937,,False,0.9145562230572233
KVUE,341,0.48396686159844055,Kenvue,Consumer Staples,SP500,,,,,,,,,,,,,False,,False,,,,,False,428.3483283620133,False,False,0.7242283784297062,0.9823055814069838,,False,0.6045683484302201
VTRS,341,0.48396686159844055,Viatris,Health Care,SP500,,,,,,,,,,,,,False,,False,,,,,False,154.84021787621634,False,False,0.7185897891799748,0.9484157563156034,,False,0.5704495800946271
FITB,343,0.48386939571150095,Fifth Third Bancorp,Financials,SP500,,,,,,,,,,,,,False,,False,,,,,False,308.8784000547681,False,False,0.87116678554616,1.2953607976235166,,False,1.4556472534093094
WDAY,344,0.48367446393762187,"Workday, Inc.",Information Technology,SP500,,,,,,,,,,,,,False,,False,,,,,False,784.991979464675,False,False,0.7014799230721583,0.8280759235943329,,False,0.45243045702935497
PTC,345,0.4836744639376218,PTC Inc.,Information Technology,SP500,,,,,,,,,,,,,False,,False,,,,,False,211.5647436896655,False,False,0.957815478453125,1.473592821210016,,False,0.994344660575027
BG,346,0.4834795321637427,Bunge Global,Consumer Staples,SP500,,,,,,,,,,,,,False,,False,,,,,False,181.1783352662534,False,False,1.075945731645289,1.8202910946644448,,False,1.3038039772981644
DELL,347,0.48338206627680314,Dell Technologies,Information Technology,SP500,,,,,,,,,,,,,False,,False,,,,,False,3755.9406380930996,False,False,0.8819418657850254,1.3078938506704891,,False,1.2430033957147066
ELV,348,0.4833820662768031,Elevance Health,Health Care,SP500,,,,,,,,,,,,,False,,False,,,,,False,482.4137390894676,False,False,0.7628290559164529,1.0535294335336682,,False,0.9067352808371125
WYNN,348,0.4833820662768031,Wynn Resorts,Consumer Discretionary,SP500,,,,,,,,,,,,,False,,False,,,,,False,159.85854839854338,False,False,0.999210393061255,1.5856084545923819,,False,1.0412220943067045
HBAN,350,0.48318713450292394,Huntington Bancshares,Financials,SP500,,,,,,,,,,,,,False,,False,,,,,False,440.58396918816857,False,False,1.0562523702848223,1.6959426433288818,,False,1.1003726711163797
JKHY,351,0.4829922027290448,Jack Henry & Associates,Financials,SP500,,,,,,,,,,,,,False,,False,,,,,False,159.54421012738288,False,False,0.9919115608935646,1.5219173081660722,,False,1.3320713310740846
ACN,352,0.48279727095516567,Accenture,Information Technology,SP500,,,,,,,,,,,,,False,,False,,,,,False,1039.2556577182693,False,False,0.7227517555130419,0.9578434131490743,,False,0.6277695400403033
SCHW,353,0.48269980506822613,Charles Schwab Corporation,Financials,SP500,,,,,,,,,,,,,False,,False,,,,,False,842.4860977010143,False,False,0.9554873977069569,1.4220750182973843,,False,2.1394853071064537
BKR,354,0.4826998050682261,Baker Hughes,Energy,SP500,,,,,,,,,,,,,False,,False,,,,,False,489.4293498131266,False,False,0.9297789537671932,1.3968886639457263,,False,1.1365654718766418
TER,355,0.48260233918128653,Teradyne,Information Technology,SP500,,,,,,,,,,,,,False,,False,,,,,False,1107.1976917852908,False,False,0.7355661979402485,0.9940444910392857,,False,0.7563466070307411
WAT,356,0.48250487329434694,Waters Corporation,Health Care,SP500,,,,,,,,,,,,,False,,False,,,,,False,309.8330815922328,False,False,0.736130989428625,0.9969639188350725,,False,0.8399562617248635
CSX,356,0.48250487329434694,CSX Corporation,Industrials,SP500,,,,,,,,,,,,,False,,False,,,,,False,584.601798472206,False,False,0.8699222929533621,1.2775899472769177,,False,0.9688682148513504
MTD,358,0.4824074074074074,Mettler Toledo,Health Care,SP500,,,,,,,,,,,,,False,,False,,,,,False,257.0530158076072,False,False,1.0795016697952953,1.7498960348456323,,False,1.6134874280717286
PSKY,359,0.48230994152046786,Paramount Skydance Corporation,Communication Services,SP500,,,,,,,,,,,,,False,,False,,,,,False,138.05922557283907,False,False,1.1425289127531517,3.1847475487541703,,False,3.2179473239855465
GLW,360,0.4820175438596491,Corning Inc.,Information Technology,SP500,,,,,,,,,,,,,False,,False,,,,,False,1701.9788248591522,False,False,0.711861364407153,0.8434799501657968,,False,0.5969355965317419
LVS,360,0.4820175438596491,Las Vegas Sands,Consumer Discretionary,SP500,,,,,,,,,,,,,False,,False,,,,,False,245.046452213879,False,False,0.9339713601966049,1.3882712362266079,,False,0.9286671974628044
SHOP,362,0.48182261208577,Shopify,Information Technology,NDX,,,,,,,,,,,,,False,,False,,,,,False,1287.4864213174938,False,False,0.919391299428199,1.3570367948695425,,False,2.6845824596588455
A,363,0.48162768031189085,Agilent Technologies,Health Care,SP500,,,,,,,,,,,,,False,,False,,,,,False,323.42386630351785,False,False,0.9955288740055902,1.5014543889483876,,False,1.7251824940750455
CTVA,364,0.48153021442495125,Corteva,Materials,SP500,,,,,,,,,,,,,False,,False,,,,,False,388.8045168673768,False,False,0.8040300795203225,1.1021586008299868,,False,0.8577327255000944
INTU,365,0.48143274853801166,Intuit,Information Technology,SP500,,,,,,,,,,,,,False,,False,,,,,False,1273.507082651006,False,False,0.8169512722761986,1.1251692496054766,,False,1.2119833925109549
APA,366,0.4810428849902534,APA Corporation,Energy,SP500,,,,,,,,,,,,,False,,False,,,,,False,226.9280064199253,False,False,0.9433351021534251,1.3783738409611703,,False,1.181954362250216
CTSH,367,0.4807504873294347,Cognizant,Information Technology,SP500,,,,,,,,,,,,,False,,False,,,,,False,437.8270483872783,False,False,0.7734026863619192,1.0393260076803528,,False,0.8080019941492413
EXE,368,0.4806530214424951,Expand Energy,Energy,SP500,,,,,,,,,,,,,False,,False,,,,,False,292.55004602114616,False,False,1.0253510613763563,1.5457268018955839,,False,1.4208047185868897
RJF,369,0.4799707602339181,Raymond James Financial,Financials,SP500,,,,,,,,,,,,,False,,False,,,,,False,206.66664996017147,False,False,1.003340082172099,1.4860645469716875,,False,1.8052408098350534
STLD,369,0.4799707602339181,Steel Dynamics,Materials,SP500,,,,,,,,,,,,,False,,False,,,,,False,284.8051523043574,False,False,0.8362479406813134,1.1344516704133318,,False,0.7841500782651203
META,371,0.47977582846003897,Meta Platforms,Communication Services,SP500,,,,,,,,,,,,,False,,False,,,,,False,11076.339732652687,False,False,1.0100025501705576,1.5017629881241803,,False,1.5393721929176076
CASY,372,0.47958089668615983,Casey's,Consumer Staples,SP500,,,,,,,,,,,,,False,,False,,,,,False,330.0808011702557,False,False,1.130349763057403,1.6873772629008037,,False,1.668138384476454
MTB,373,0.4793859649122807,M&T Bank,Financials,SP500,,,,,,,,,,,,,False,,False,,,,,False,263.90188360829256,False,False,0.8942518058682154,1.2813481064310028,,False,0.8801088620762914
LH,373,0.4793859649122807,Labcorp,Health Care,SP500,,,,,,,,,,,,,False,,False,,,,,False,230.71008458426337,False,False,0.9638261404635423,1.3796941933385836,,False,2.6032973258490313
KMI,375,0.47928849902534115,Kinder Morgan,Energy,SP500,,,,,,,,,,,,,False,,False,,,,,False,361.55652985425286,False,False,1.074759486106951,1.5574557973407954,,False,1.1294330679353555
GM,376,0.47919103313840156,General Motors,Consumer Discretionary,SP500,,,,,,,,,,,,,False,,False,,,,,False,569.1992334020965,False,False,1.0502536121411523,1.5068683850078783,,False,0.9340105392367654
MMM,377,0.4791910331384015,3M,Industrials,SP500,,,,,,,,,,,,,False,,False,,,,,False,558.854722500299,False,False,0.7358407329189198,0.9352339526115399,,False,0.9158862189552656
DOW,378,0.47909356725146196,Dow Inc.,Materials,SP500,,,,,,,,,,,,,False,,False,,,,,False,274.9663222939861,False,False,0.8398678561521266,1.1358994820132544,,False,0.9542755783941524
UAL,379,0.4788011695906433,United Airlines Holdings,Industrials,SP500,,,,,,,,,,,,,False,,False,,,,,False,431.5750281749959,False,False,0.8561142091115851,1.171003876817131,,False,1.3560708708896083
FSLR,380,0.4787037037037037,First Solar,Information Technology,SP500,,,,,,,,,,,,,False,,False,,,,,False,485.40467841046393,False,False,0.8237138533834618,1.1066152440708708,,False,0.914000556685733
GNRC,381,0.4783138401559454,Generac,Industrials,SP500,,,,,,,,,,,,,False,,False,,,,,False,255.4522028952151,False,False,1.3894092961412505,2.5023285981361565,,False,1.1958086593805701
KEY,382,0.47802144249512674,KeyCorp,Financials,SP500,,,,,,,,,,,,,False,,False,,,,,False,250.01964490261855,False,False,1.1063469127099699,1.5833976193382089,,False,1.428404725281225
CBRE,383,0.47792397660818714,CBRE Group,Real Estate,SP500,,,,,,,,,,,,,False,,False,,,,,False,243.60043253114662,False,False,0.9913786506893285,1.3964367864935887,,False,0.9429376012772284
OXY,384,0.4776315789473684,Occidental Petroleum,Energy,SP500,,,,,,,,,,,,,False,,False,,,,,False,474.68698564990297,False,False,0.9289541882611527,1.3069320685968449,,False,1.2547448877917393
DE,384,0.4776315789473684,Deere & Company,Industrials,SP500,,,,,,,,,,,,,False,,False,,,,,False,773.2738476817851,False,False,0.8370820433505548,1.1162852292664198,,False,1.2454113151996824
COP,386,0.47743664717348927,ConocoPhillips,Energy,SP500,,,,,,,,,,,,,False,,False,,,,,False,848.3175637657788,False,False,1.0547330700908506,1.4773008918282362,,False,1.3439435392700585
PFE,387,0.4773391812865497,Pfizer,Health Care,SP500,,,,,,,,,,,,,False,,False,,,,,False,993.5709781597993,False,False,0.7732841180565005,1.0011434579895548,,False,0.7107753340576826
BLK,387,0.4773391812865497,BlackRock,Financials,SP500,,,,,,,,,,,,,False,,False,,,,,False,714.3981485580755,False,False,0.788209393498268,1.0267549278365853,,False,0.761967995799525
ADBE,389,0.47724171539961013,Adobe Inc.,Information Technology,SP500,,,,,,,,,,,,,False,,False,,,,,False,1347.6670219747427,False,False,0.8861650446889084,1.2154605292201706,,False,1.393553524790273
RVTY,390,0.477046783625731,Revvity,Health Care,SP500,,,,,,,,,,,,,False,,False,,,,,False,210.62752168783072,False,False,1.220320862495166,1.667629350226919,,False,1.6908765242911847
CMCSA,391,0.4766569200779727,Comcast,Communication Services,SP500,,,,,,,,,,,,,False,,False,,,,,False,694.2696716363596,False,False,0.9964323542224959,1.3874518198809445,,False,1.5257550849301402
ALB,392,0.47646198830409353,Albemarle Corporation,Materials,SP500,,,,,,,,,,,,,False,,False,,,,,False,291.07911767381944,False,False,0.970488751933923,1.3339073874720557,,False,1.7633481117305356
ORCL,393,0.476364522417154,Oracle Corporation,Information Technology,SP500,,,,,,,,,,,,,False,,False,,,,,False,4436.811651105328,False,False,0.7677420593757219,0.9786430286754607,,False,0.9591499728970532
JBHT,393,0.476364522417154,J.B. Hunt,Industrials,SP500,,,,,,,,,,,,,False,,False,,,,,False,280.666480695234,False,False,1.6395161615603273,2.067897216383827,,False,0.843436325590567
AON,395,0.4762670565302144,Aon plc,Financials,SP500,,,,,,,,,,,,,False,,False,,,,,False,500.7275267799845,False,False,1.498934203070082,1.8676376098798,,False,1.7003926613865101
HAL,396,0.47607212475633526,Halliburton,Energy,SP500,,,,,,,,,,,,,False,,False,,,,,False,395.44865583518674,False,False,0.8625462323463005,1.1544151818751944,,False,1.0212603868738317
MET,397,0.47597465886939566,MetLife,Financials,SP500,,,,,,,,,,,,,False,,False,,,,,False,330.45257316428984,False,False,0.8165504469426176,1.0558436886720097,,False,0.764235898455971
WST,398,0.4757797270955165,West Pharmaceutical Services,Health Care,SP500,,,,,,,,,,,,,False,,False,,,,,False,224.27256715841486,False,False,0.876000379707797,1.1752049242293252,,False,1.137218542633921
WBD,399,0.47538986354775825,Warner Bros. Discovery,Communication Services,SP500,,,,,,,,,,,,,False,,False,,,,,False,718.7163105442359,False,False,1.9635432200633813,3.15506695657934,,False,4.1978748220448745
DLTR,400,0.4752923976608187,Dollar Tree,Consumer Staples,SP500,,,,,,,,,,,,,False,,False,,,,,False,325.792386596524,False,False,1.0799982164275181,1.4644764358623057,,False,1.0738939715894944
VST,400,0.4752923976608187,Vistra Corp.,Utilities,SP500,,,,,,,,,,,,,False,,False,,,,,False,663.2654434755598,False,False,0.7729149986226913,0.9736508222459535,,False,1.0050662975117426
ANET,402,0.47470760233918124,Arista Networks,Information Technology,SP500,,,,,,,,,,,,,False,,False,,,,,False,1230.5409039171802,False,False,0.7819379819724569,0.9785504930701577,,False,0.6747646447401106
T,403,0.4746101364522417,AT&T,Communication Services,SP500,,,,,,,,,,,,,False,,False,,,,,False,1239.2695136547206,False,False,0.7574706807395334,0.8994817915711123,,False,0.6849649800297751
MNST,404,0.47451267056530216,Monster Beverage,Consumer Staples,SP500,,,,,,,,,,,,,False,,False,,,,,False,499.7857669533321,False,False,0.7916051751106219,1.0067428359668915,,False,0.7307506814374234
KKR,405,0.47441520467836257,KKR & Co.,Financials,SP500,,,,,,,,,,,,,False,,False,,,,,False,444.56785412932413,False,False,0.7551332512476734,0.8789058670712465,,False,0.7826631331424345
COO,406,0.47412280701754383,Cooper Companies (The),Health Care,SP500,,,,,,,,,,,,,False,,False,,,,,False,185.69843770055186,False,False,1.8903448474262312,1.8532223959769332,,False,0.9410912201090508
REGN,407,0.4740253411306043,Regeneron Pharmaceuticals,Health Care,SP500,,,,,,,,,,,,,False,,False,,,,,False,571.0491233499332,False,False,0.9787077579239482,1.308983863164629,,False,0.8063681219733453
TKO,408,0.47392787524366475,TKO Group Holdings,Communication Services,SP500,,,,,,,,,,,,,False,,False,,,,,False,208.4368627271691,False,False,0.9536146326472805,1.2872950344502359,,False,0.8878174185835378
KEYS,409,0.47373294346978556,Keysight Technologies,Information Technology,SP500,,,,,,,,,,,,,False,,False,,,,,False,411.9778529306217,False,False,0.7903998130934494,0.9955162851660343,,False,0.7007851629319699
RF,410,0.473635477582846,Regions Financial Corporation,Financials,SP500,,,,,,,,,,,,,False,,False,,,,,False,258.2581173961873,False,False,0.919763821733436,1.235926109149962,,False,1.4121901430087442
CFG,411,0.4735380116959064,Citizens Financial Group,Financials,SP500,,,,,,,,,,,,,False,,False,,,,,False,261.2575384659903,False,False,0.9033770099956708,1.1913702131640007,,False,1.3254222919375231
SYY,412,0.4730506822612086,Sysco,Consumer Staples,SP500,,,,,,,,,,,,,False,,False,,,,,False,287.78286524208227,False,False,1.1446081778591337,1.4816755721919022,,False,1.017085843117384
FISV,413,0.472953216374269,Fiserv,Financials,SP500,,,,,,,,,,,,,False,,False,,,,,False,381.5348886183758,False,False,0.8049959497760166,1.0033883867742774,,False,1.0430653006499402
F,414,0.4725633528265107,Ford Motor Company,Consumer Discretionary,SP500,,,,,,,,,,,,,False,,False,,,,,False,688.6644596335217,False,False,0.9446066531980473,1.2475264083692428,,False,0.9055794885954371
FTV,415,0.47246588693957114,Fortive,Industrials,SP500,,,,,,,,,,,,,False,,False,,,,,False,149.63234647708816,False,False,0.8200504302470129,1.0215606173919962,,False,0.6502706066207546
TSLA,416,0.472270955165692,"Tesla, Inc.",Consumer Discretionary,SP500,,,,,,,,,,,,,False,,False,,,,,False,13327.593573072098,False,False,0.7951380660616266,0.9837511623174615,,False,0.7342399664251014
PKG,417,0.4719785575048733,Packaging Corporation of America,Materials,SP500,,,,,,,,,,,,,False,,False,,,,,False,152.95441286459163,False,False,0.8392671745122279,1.053881168007495,,False,0.604635663507109
ETN,417,0.4719785575048733,Eaton Corporation,Industrials,SP500,,,,,,,,,,,,,False,,False,,,,,False,904.8429976201272,False,False,0.9158669967871761,1.2001894951639736,,False,0.8585183028423735
FIX,419,0.47178362573099414,Comfort Systems USA,Industrials,SP500,,,,,,,,,,,,,False,,False,,,,,False,724.1857345194915,False,False,0.7868021577029979,0.9268312356984467,,False,0.6866367057925907
APH,420,0.4710038986354776,Amphenol,Information Technology,SP500,,,,,,,,,,,,,False,,False,,,,,False,1001.7069489311374,False,False,0.8887957834595164,1.1425045579138788,,False,1.0383362064100803
BEN,421,0.47071150097465886,Franklin Resources,Financials,SP500,,,,,,,,,,,,,False,,False,,,,,False,130.82575979984048,False,False,0.885216552038583,1.1322700437122717,,False,1.216860410648163
SLB,422,0.47061403508771926,Schlumberger,Energy,SP500,,,,,,,,,,,,,False,,False,,,,,False,670.2438276541341,False,False,1.0508271547386485,1.326135131906716,,False,1.164590464035987
TTWO,423,0.4704191033138402,Take-Two Interactive,Communication Services,SP500,,,,,,,,,,,,,False,,False,,,,,False,550.5990742082869,False,False,1.06798698001456,1.344193925097838,,False,1.2694628388313678
ED,424,0.4699317738791423,Consolidated Edison,Utilities,SP500,,,,,,,,,,,,,False,,False,,,,,False,233.73025226441985,False,False,0.8053395991167075,0.9628957180232683,,False,0.6764387526643568
CI,425,0.46993177387914226,Cigna,Health Care,SP500,,,,,,,,,,,,,False,,False,,,,,False,469.4424356802182,False,False,0.7888393484292859,0.9012259039666363,,False,0.87969886944134
AMGN,426,0.46944444444444444,Amgen,Health Care,SP500,,,,,,,,,,,,,False,,False,,,,,False,1095.2815704307711,False,False,1.481805133856149,1.4889217245679427,,False,1.296319124651262
CAH,427,0.4691520467836257,Cardinal Health,Health Care,SP500,,,,,,,,,,,,,False,,False,,,,,False,434.319272786012,False,False,0.9731916808470511,1.224023102541156,,False,1.4470356051770334
WMB,428,0.4689571150097466,Williams Companies,Energy,SP500,,,,,,,,,,,,,False,,False,,,,,False,524.5468607154379,False,False,0.9935656319696439,1.2565406093583815,,False,0.7286547610390927
NUE,429,0.468859649122807,Nucor,Materials,SP500,,,,,,,,,,,,,False,,False,,,,,False,352.6353412066712,False,False,0.9659028893174183,1.2114407990710276,,False,0.9265079780352886
DIS,430,0.46876218323586744,Walt Disney Company (The),Communication Services,SP500,,,,,,,,,,,,,False,,False,,,,,False,982.9065375946824,False,False,0.8653189864309105,1.0738498233665348,,False,0.7465053888785271
FCX,431,0.4686647173489279,Freeport-McMoRan,Materials,SP500,,,,,,,,,,,,,False,,False,,,,,False,955.9134473698986,False,False,0.7850830130799514,0.8123845008544237,,False,0.606818207804151
NTRS,432,0.4684697855750487,Northern Trust,Financials,SP500,,,,,,,,,,,,,False,,False,,,,,False,196.83653634008292,False,False,0.9096733770970479,1.1412612957119188,,False,1.0973790175250566
COIN,433,0.46837231968810916,Coinbase,Financials,SP500,,,,,,,,,,,,,False,,False,,,,,False,1623.269532723937,False,False,1.3811372109632085,1.4245612061719641,,False,0.7667756595519024
MSTR,434,0.46807992202729043,Strategy (MicroStrategy),Information Technology,NDX,,,,,,,,,,,,,False,,False,,,,,False,2672.4574431647943,False,False,1.390663567854119,1.4263748456128502,,False,1.0511740738973527
MCO,435,0.4677875243664717,Moody's Corporation,Financials,SP500,,,,,,,,,,,,,False,,False,,,,,False,381.2697168508102,False,False,0.873719052470848,1.0752765260348773,,False,0.9729286721766766
CEG,436,0.4673976608187134,Constellation Energy,Utilities,SP500,,,,,,,,,,,,,False,,False,,,,,False,753.5581764138981,False,False,1.112346194975159,1.3328021443336961,,False,0.8689757976382125
DLR,437,0.4666179337231969,Digital Realty,Real Estate,SP500,,,,,,,,,,,,,False,,False,,,,,False,452.68022207847133,False,False,0.8418725733451501,1.0033725733951269,,False,0.6240764204203206
TSN,438,0.46652046783625734,Tyson Foods,Consumer Staples,SP500,,,,,,,,,,,,,False,,False,,,,,False,188.73798501214787,False,False,1.1470633515760935,1.3460741960371112,,False,0.9215077557939925
ICE,439,0.46642300194931774,Intercontinental Exchange,Financials,SP500,,,,,,,,,,,,,False,,False,,,,,False,553.4661070012307,False,False,0.8054587568129868,0.8858464634301229,,False,0.7420699911105696
SWKS,440,0.46622807017543855,Skyworks Solutions,Information Technology,SP500,,,,,,,,,,,,,False,,False,,,,,False,472.0401041728506,False,False,1.6179853519488714,1.4196515632244913,,False,0.6799289409749479
COR,441,0.466130604288499,Cencora,Health Care,SP500,,,,,,,,,,,,,False,,False,,,,,False,431.59051982297314,False,False,0.8760225920442085,1.0627389740932363,,False,0.5599761338614767
DD,442,0.4651559454191033,DuPont,Industrials,SP500,,,,,,,,,,,,,False,,False,,,,,False,194.9248734727042,False,False,0.8172896939519269,0.8918335733591737,,False,0.7725473079522415
ZBH,443,0.46408382066276804,Zimmer Biomet,Health Care,SP500,,,,,,,,,,,,,False,,False,,,,,False,210.14901492859195,False,False,0.8768683194335556,1.039197191723304,,False,0.7643872530301873
FIS,444,0.464083820662768,Fidelity National Information Services,Financials,SP500,,,,,,,,,,,,,False,,False,,,,,False,250.11924763856226,False,False,0.8491674888915177,0.987214468806119,,False,0.7752950680807222
CPRT,445,0.46398635477582845,Copart,Industrials,SP500,,,,,,,,,,,,,False,,False,,,,,False,337.13012850896877,False,False,0.9400057647181215,1.1254244051592057,,False,0.7816781072081364
IT,446,0.4638888888888889,Gartner,Information Technology,SP500,,,,,,,,,,,,,False,,False,,,,,False,236.00602628709441,False,False,0.8227075164888057,0.8746434231284449,,False,0.6833965878054836
NFLX,446,0.4638888888888889,Netflix,Communication Services,SP500,,,,,,,,,,,,,False,,False,,,,,False,2787.3056311260616,False,False,1.1006044137904507,1.280077892795202,,False,0.915374842052854
EMR,448,0.46291423001949317,Emerson Electric,Industrials,SP500,,,,,,,,,,,,,False,,False,,,,,False,395.23275114795916,False,False,0.8454841671785895,0.9584953320337776,,False,0.7113352846161511
XOM,449,0.46281676413255357,ExxonMobil,Energy,SP500,,,,,,,,,,,,,False,,False,,,,,False,2296.8615370105977,False,False,1.1116273214955774,1.2660503356885127,,False,0.9694578485139379
HOOD,450,0.46262183235867443,Robinhood Markets,Financials,SP500,,,,,,,,,,,,,False,,False,,,,,False,2246.1696413966743,False,False,1.201870128090763,1.3052571297341282,,False,0.7469051253922031
SYK,451,0.4619395711500975,Stryker Corporation,Health Care,SP500,,,,,,,,,,,,,False,,False,,,,,False,835.7540419352006,False,False,1.0164374874567637,1.1788461412270776,,False,0.8812306190529632
LYB,452,0.4619395711500974,LyondellBasell,Materials,SP500,,,,,,,,,,,,,False,,False,,,,,False,253.59913814311125,False,False,0.9903190633691002,1.1441898317068366,,False,0.9007447929376857
BSX,453,0.4618421052631579,Boston Scientific,Health Care,SP500,,,,,,,,,,,,,False,,False,,,,,False,970.4381364084284,False,False,1.304876404475965,1.3109867618808235,,False,1.018509146607925
PFG,454,0.46154970760233915,Principal Financial Group,Financials,SP500,,,,,,,,,,,,,False,,False,,,,,False,160.94666138967398,False,False,1.4746402544562334,1.318074445185174,,False,1.1405475529097733
TGT,455,0.46135477582846,Target Corporation,Consumer Staples,SP500,,,,,,,,,,,,,False,,False,,,,,False,618.1212537162625,False,False,0.8454037223299552,0.9050445546978804,,False,0.5411454114021206
DDOG,456,0.4612573099415204,Datadog,Information Technology,SP500,,,,,,,,,,,,,False,,False,,,,,False,1054.900863997043,False,False,0.8305359271828195,0.7678825846565599,,False,0.6521645715722033
BAC,457,0.4610623781676413,Bank of America,Financials,SP500,,,,,,,,,,,,,False,,False,,,,,False,2035.666207569177,False,False,1.2674877079603715,1.2963584507305228,,False,1.3217513027322203
YUM,458,0.4608674463937622,Yum! Brands,Consumer Discretionary,SP500,,,,,,,,,,,,,False,,False,,,,,False,379.3148439687924,False,False,0.9963227810691476,1.1433598965894112,,False,1.1348033298320974
ADM,459,0.46086744639376215,Archer Daniels Midland,Consumer Staples,SP500,,,,,,,,,,,,,False,,False,,,,,False,318.4264357628647,False,False,1.1126786885311475,1.2341436662540335,,False,0.6589594489690512
FDS,460,0.4600877192982456,FactSet,Financials,SP500,,,,,,,,,,,,,False,,False,,,,,False,246.93724579657732,False,False,0.8429570777614315,0.8779962059788166,,False,0.8908537755551291
ULTA,461,0.46008771929824555,Ulta Beauty,Consumer Discretionary,SP500,,,,,,,,,,,,,False,,False,,,,,False,333.03642509061854,False,False,0.9000330095589404,1.0240540216389271,,False,0.783403173080564
PSA,462,0.45989278752436646,Public Storage,Real Estate,SP500,,,,,,,,,,,,,False,,False,,,,,False,313.74987042827996,False,False,0.893654821455701,1.015924912526382,,False,1.2270256666341715
VRT,463,0.4595029239766082,Vertiv,Industrials,SP500,,,,,,,,,,,,,False,,False,,,,,False,1463.9637749584276,False,False,0.8667880100494579,0.961053638924495,,False,0.6319964565433818
WFC,463,0.4595029239766082,Wells Fargo,Financials,SP500,,,,,,,,,,,,,False,,False,,,,,False,1255.7882538673714,False,False,0.9217315397197866,1.059341157689379,,False,1.0909212670228923
GWW,465,0.45930799220272905,W. W. Grainger,Industrials,SP500,,,,,,,,,,,,,False,,False,,,,,False,345.90245957056163,False,False,0.9123348490537098,1.0385823000048418,,False,1.136841782674318
PH,466,0.4591130604288499,Parker Hannifin,Industrials,SP500,,,,,,,,,,,,,False,,False,,,,,False,627.6503879759497,False,False,0.8910398053150348,1.0083154113380708,,False,0.7608116570404112
SPGI,467,0.45882066276803113,S&P Global,Financials,SP500,,,,,,,,,,,,,False,,False,,,,,False,807.2552000124562,False,False,0.8461385714337775,0.8665241063944525,,False,0.8222486567262113
CRWD,468,0.45872319688109164,CrowdStrike,Information Technology,SP500,,,,,,,,,,,,,False,,False,,,,,False,2138.886782253966,False,False,1.8398258342397702,1.3136497109611964,,False,0.8931957208156827
CF,469,0.4587231968810916,CF Industries,Materials,SP500,,,,,,,,,,,,,False,,False,,,,,False,313.2623577795379,False,False,1.0862637533723045,1.1787689399716328,,False,1.5421337268837292
VEEV,470,0.45862573099415205,Veeva Systems,Health Care,SP500,,,,,,,,,,,,,False,,False,,,,,False,423.38606627057135,False,False,1.3332314329380754,1.2785297909509197,,False,1.0274994289065351
SRE,471,0.4582358674463938,Sempra,Utilities,SP500,,,,,,,,,,,,,False,,False,,,,,False,321.20192673417694,False,False,0.9725112579832005,1.0865192924179539,,False,0.7738804473856365
AKAM,472,0.4582358674463937,Akamai Technologies,Information Technology,SP500,,,,,,,,,,,,,False,,False,,,,,False,385.46026808186747,False,False,1.0189736828946319,1.1423171654035023,,False,1.3623225673118837
FER,473,0.4581384015594542,Ferrovial,Industrials,NDX,,,,,,,,,,,,,False,,False,,,,,False,87.67796323480411,False,False,1.1186653430530016,1.194202560192372,,False,0.9873095842367402
JCI,474,0.45804093567251464,Johnson Controls,Industrials,SP500,,,,,,,,,,,,,False,,False,,,,,False,480.5177058058447,False,False,0.8776432277414914,0.9732873952483735,,False,0.7806414129258515
FAST,475,0.45794346978557504,Fastenal,Industrials,SP500,,,,,,,,,,,,,False,,False,,,,,False,362.82699474407116,False,False,0.8647863744115662,0.9103424415227676,,False,0.8819551955557948
IEX,476,0.45745614035087717,IDEX Corporation,Industrials,SP500,,,,,,,,,,,,,False,,False,,,,,False,146.84621132345393,False,False,0.9010176494682016,0.9971190943789036,,False,0.8142176926263983
AME,477,0.4571637426900585,Ametek,Industrials,SP500,,,,,,,,,,,,,False,,False,,,,,False,316.29960736815787,False,False,1.0905038910577056,1.1645654033615005,,False,1.0089935931209382
IRM,478,0.4568713450292397,Iron Mountain,Real Estate,SP500,,,,,,,,,,,,,False,,False,,,,,False,209.9079135059279,False,False,0.9563201496017287,1.0570707825400725,,False,0.8462097546001192
TYL,479,0.45657894736842103,Tyler Technologies,Information Technology,SP500,,,,,,,,,,,,,False,,False,,,,,False,305.6590643697933,False,False,0.9472161721080924,1.0453902668335606,,False,0.5684495199009691
HPQ,480,0.45648148148148143,HP Inc.,Information Technology,SP500,,,,,,,,,,,,,False,,False,,,,,False,468.00271349737596,False,False,1.1473917355558971,1.1927475235059208,,False,0.9279926736374987
XYZ,481,0.4554093567251462,"Block, Inc.",Financials,SP500,,,,,,,,,,,,,False,,False,,,,,False,367.18956868775035,False,False,0.8779124713750229,0.9015692396522913,,False,0.8356465232130762
CHTR,482,0.4551169590643275,Charter Communications,Communication Services,SP500,,,,,,,,,,,,,False,,False,,,,,False,415.16182589365127,False,False,1.2418464546430923,1.1916883302461836,,False,1.5816671072099195
DG,483,0.4546296296296296,Dollar General,Consumer Staples,SP500,,,,,,,,,,,,,False,,False,,,,,False,302.8704650590235,False,False,1.0653053091395022,1.1209366116196324,,False,0.7694167537927342
DRI,484,0.4543372319688109,Darden Restaurants,Consumer Discretionary,SP500,,,,,,,,,,,,,False,,False,,,,,False,241.24249862138396,False,False,1.1474110234535548,1.168943482241703,,False,1.1278562597504571
TEL,485,0.45394736842105265,TE Connectivity,Information Technology,SP500,,,,,,,,,,,,,False,,False,,,,,False,482.93821200773283,False,False,0.9105732280430773,0.9749198750512356,,False,0.48426783613220664
PANW,486,0.4539473684210526,Palo Alto Networks,Information Technology,SP500,,,,,,,,,,,,,False,,False,,,,,False,2242.8068268922766,False,False,1.537788354389693,1.2152889427643319,,False,1.2563448187744939
FFIV,487,0.45326510721247565,"F5, Inc.",Information Technology,SP500,,,,,,,,,,,,,False,,False,,,,,False,249.088176936496,False,False,1.2508371344111653,1.1749771016769668,,False,0.7065564339836623
FICO,488,0.45316764132553605,Fair Isaac,Information Technology,SP500,,,,,,,,,,,,,False,,False,,,,,False,395.4156806869818,False,False,1.167357601283175,1.1565851949524344,,False,0.938757076417068
CDNS,489,0.4527777777777778,Cadence Design Systems,Information Technology,SP500,,,,,,,,,,,,,False,,False,,,,,False,780.7752339101363,False,False,1.133640923357361,1.1332878099619432,,False,1.1626702832882496
ZS,490,0.4523879142300195,Zscaler,Information Technology,NDX,,,,,,,,,,,,,False,,False,,,,,False,482.50621598333237,False,False,1.4864553597829855,1.186445950389708,,False,1.0445794442308827
FTNT,491,0.45229044834307996,Fortinet,Information Technology,SP500,,,,,,,,,,,,,False,,False,,,,,False,797.8199423449769,False,False,1.4901145070603912,1.1905310979779873,,False,0.8327317353433117
DPZ,492,0.4519005847953216,Domino's,Consumer Discretionary,SP500,,,,,,,,,,,,,False,,False,,,,,False,298.3755137374567,False,False,1.078039774769345,1.0959341897500119,,False,0.9029864702699935
LULU,493,0.4516081871345029,Lululemon Athletica,Consumer Discretionary,SP500,,,,,,,,,,,,,False,,False,,,,,False,529.0912369931747,False,False,1.800070726795456,1.195083613635237,,False,0.9072027859186748
VRSK,494,0.45082846003898636,Verisk Analytics,Industrials,SP500,,,,,,,,,,,,,False,,False,,,,,False,272.6019516013321,False,False,1.0569675664185774,1.068218512148977,,False,0.6779724678411944
PRU,495,0.4506335282651072,Prudential Financial,Financials,SP500,,,,,,,,,,,,,False,,False,,,,,False,209.31879412345108,False,False,1.0109086903041582,1.04761232551778,,False,0.7997359180044805
AJG,496,0.4498538011695907,Arthur J. Gallagher & Co.,Financials,SP500,,,,,,,,,,,,,False,,False,,,,,False,342.20960577616785,False,False,0.9779957611790796,0.9947185517661891,,False,1.2038728610705578
HPE,497,0.44946393762183234,Hewlett Packard Enterprise,Information Technology,SP500,,,,,,,,,,,,,False,,False,,,,,False,1104.7611718185813,False,False,1.1355849795139628,1.1017650048554195,,False,0.8113861904392518
EW,498,0.449074074074074,Edwards Lifesciences,Health Care,SP500,,,,,,,,,,,,,False,,False,,,,,False,340.92975199577177,False,False,1.0232545678773282,1.0321677814499908,,False,0.9120626916208153
PYPL,499,0.44644249512670564,PayPal,Financials,SP500,,,,,,,,,,,,,False,,False,,,,,False,827.97696268671,False,False,1.2441189399587949,1.0905761234581268,,False,1.741071257303677
NOW,500,0.44566276803118904,ServiceNow,Information Technology,SP500,,,,,,,,,,,,,False,,False,,,,,False,2397.9877834499125,False,False,0.9290835356427155,0.6299441082250179,,False,0.6292879288356327
IBKR,501,0.4452729044834308,Interactive Brokers,Financials,SP500,,,,,,,,,,,,,False,,False,,,,,False,388.48662567800403,False,False,1.104167045100024,1.0297654197053527,,False,0.9557560062540743
CDW,502,0.44507797270955163,CDW Corporation,Information Technology,SP500,,,,,,,,,,,,,False,,False,,,,,False,259.66170438001984,False,False,0.9980342252467747,0.9595505706729165,,False,0.9997190646313738
HRL,503,0.4442982456140351,Hormel Foods,Consumer Staples,SP500,,,,,,,,,,,,,False,,False,,,,,False,104.58404546619337,False,False,1.675140507756169,1.1064561284869938,,False,0.7699801977908508
ADSK,504,0.4439083820662768,Autodesk,Information Technology,SP500,,,,,,,,,,,,,False,,False,,,,,False,513.0336635609218,False,False,1.2374565106541375,1.0556342447987017,,False,0.7740750669260145
TRI,505,0.4435185185185185,Thomson Reuters,Industrials,NDX,,,,,,,,,,,,,False,,False,,,,,False,202.02472500912413,False,False,0.9857197155583671,0.8715831264067395,,False,0.5029951185185842
HWM,506,0.44303118908382066,Howmet Aerospace,Industrials,SP500,,,,,,,,,,,,,False,,False,,,,,False,749.1271385551296,False,False,1.7467604191889945,1.0942642531091027,,False,0.8586872952885077
EQIX,507,0.44244639376218325,Equinix,Real Estate,SP500,,,,,,,,,,,,,False,,False,,,,,False,583.3279011621592,False,False,1.007703200439229,0.9141060073791117,,False,0.9059914454213562
EIX,508,0.4414717348927875,Edison International,Utilities,SP500,,,,,,,,,,,,,False,,False,,,,,False,312.5263390246411,False,False,3.252814574152098,1.089012530028921,,False,0.6115463742383528
NVDA,509,0.43698830409356726,Nvidia,Information Technology,SP500,,,,,,,,,,,,,False,,False,,,,,False,26767.783794066825,False,False,1.1460132436539252,0.941154286580732,,False,0.7481918748711266
PCG,510,0.4361111111111111,PG&E Corporation,Utilities,SP500,,,,,,,,,,,,,False,,False,,,,,False,582.78093867952,False,False,3.4595115060742567,1.0282697547512927,,False,1.6320220588894283
BBY,511,0.43611111111111106,Best Buy,Consumer Discretionary,SP500,,,,,,,,,,,,,False,,False,,,,,False,320.72881621135787,False,False,1.2761276061270586,0.9755994076764443,,False,0.6754983596275773
SNPS,512,0.4357212475633528,Synopsys,Information Technology,SP500,,,,,,,,,,,,,False,,False,,,,,False,759.5300627116301,False,False,1.9370398464449523,1.0137604113244487,,False,0.7205124960455552
CRM,513,0.43396686159844056,Salesforce,Information Technology,SP500,,,,,,,,,,,,,False,,False,,,,,False,3075.228345328506,False,False,1.7320745275030704,0.9846506640617174,,False,0.828097530774588
